setting,L0,z0,z1,As,hr0,k,Ts,Tlab,Da,composition,T0,T1,P0,rho0,critical_depth,critical_pressure,critical_temperature,plag_out_pressure,plag_out_temperature,plag_out_depth,max_densification_rate,qs0,qs1
hot-1,55000.0,30000.0,80000.0,1.5e-06,11500.0,3.0,283.15,1603.15,0.001,hacker_2015_bin_4,1028.6400394426212,1184.4125027030839,8181.540000000001,2804.067957440246,85000.0,30000.0,769.6550473153219,nan,nan,nan,1.3962756212369507,0.085673385764147,0.06346236203772533
hot-1,55000.0,30000.0,80000.0,1.5e-06,11500.0,3.0,283.15,1603.15,0.001,hacker_2015_bin_3,1028.6400394426212,1184.4125027030839,8181.540000000001,2869.7025389263404,85000.0,30000.0,769.6550473153219,nan,nan,nan,1.5543212439791043,0.085673385764147,0.06346236203772533
hot-1,55000.0,30000.0,80000.0,1.5e-06,11500.0,3.0,283.15,1603.15,0.001,sammon_2021_lower_crust,1028.6400394426212,1184.4125027030839,8181.540000000001,2945.596294065828,85000.0,30000.0,769.6550473153219,nan,nan,nan,1.585380545828919,0.085673385764147,0.06346236203772533
hot-1,55000.0,30000.0,80000.0,1.5e-06,11500.0,3.0,283.15,1603.15,0.001,sammon_2021_deep_crust,1028.6400394426212,1184.4125027030839,8181.540000000001,2874.5882203329525,85000.0,30000.0,769.6550473153219,nan,nan,nan,1.4617171252726737,0.085673385764147,0.06346236203772533
hot-1,55000.0,30000.0,80000.0,1.5e-06,11500.0,3.0,283.15,1603.15,0.001,hacker_2015_bin_2,1028.6400394426212,1184.4125027030839,8181.540000000001,2970.5873443134933,85000.0,30000.0,769.6550473153219,nan,nan,nan,1.6522802716246674,0.085673385764147,0.06346236203772533
hot-1,55000.0,30000.0,80000.0,1.5e-06,11500.0,3.0,283.15,1603.15,0.001,hacker_2015_md_xenolith,1028.6400394426212,1184.4125027030839,8181.540000000001,2983.7465687483723,85000.0,30000.0,769.6550473153219,nan,nan,nan,1.6376532520542153,0.085673385764147,0.06346236203772533
hot-1,55000.0,30000.0,80000.0,1.5e-06,11500.0,3.0,283.15,1603.15,0.001,hacker_2015_bin_1,1028.6400394426212,1184.4125027030839,8181.540000000001,3187.4152406999615,85000.0,30000.0,769.6550473153219,nan,nan,nan,1.229964985036766,0.085673385764147,0.06346236203772533
hot-1,55000.0,30000.0,80000.0,1.5e-06,11500.0,3.0,283.15,1603.15,0.001,mackwell_1998_maryland_diabase,1028.6400394426212,1184.4125027030839,8181.540000000001,3042.7485084825735,85000.0,30000.0,769.6550473153219,nan,nan,nan,1.541573031264871,0.085673385764147,0.06346236203772533
hot-1,55000.0,30000.0,80000.0,1.5e-06,11500.0,3.0,283.15,1603.15,0.03,hacker_2015_bin_4,1028.6400394426212,1184.4125027030839,8181.540000000001,2804.067957440246,85000.0,30000.0,769.6550473153219,nan,nan,nan,38.203915608305834,0.085673385764147,0.06346236203772533
hot-1,55000.0,30000.0,80000.0,1.5e-06,11500.0,3.0,283.15,1603.15,0.03,hacker_2015_bin_3,1028.6400394426212,1184.4125027030839,8181.540000000001,2869.7025389263404,85000.0,30000.0,769.6550473153219,nan,nan,nan,43.51488665102918,0.085673385764147,0.06346236203772533
hot-1,55000.0,30000.0,80000.0,1.5e-06,11500.0,3.0,283.15,1603.15,0.03,sammon_2021_lower_crust,1028.6400394426212,1184.4125027030839,8181.540000000001,2945.596294065828,80000.0,21817.44,769.6550473153219,21817.44,769.6550473153219,80000.0,45.814906745332095,0.085673385764147,0.06346236203772533
hot-1,55000.0,30000.0,80000.0,1.5e-06,11500.0,3.0,283.15,1603.15,0.03,sammon_2021_deep_crust,1028.6400394426212,1184.4125027030839,8181.540000000001,2874.5882203329525,85000.0,30000.0,769.6550473153219,nan,nan,nan,41.73455381488922,0.085673385764147,0.06346236203772533
hot-1,55000.0,30000.0,80000.0,1.5e-06,11500.0,3.0,283.15,1603.15,0.03,hacker_2015_bin_2,1028.6400394426212,1184.4125027030839,8181.540000000001,2970.5873443134933,80000.0,21817.44,769.6550473153219,nan,nan,nan,47.6045700950812,0.085673385764147,0.06346236203772533
hot-1,55000.0,30000.0,80000.0,1.5e-06,11500.0,3.0,283.15,1603.15,0.03,hacker_2015_md_xenolith,1028.6400394426212,1184.4125027030839,8181.540000000001,2983.7465687483723,80000.0,21817.44,769.6550473153219,21817.44,769.6550473153219,80000.0,47.30156533669504,0.085673385764147,0.06346236203772533
hot-1,55000.0,30000.0,80000.0,1.5e-06,11500.0,3.0,283.15,1603.15,0.03,hacker_2015_bin_1,1028.6400394426212,1184.4125027030839,8181.540000000001,3187.4152406999615,80000.0,21817.44,769.6550473153219,21817.44,769.6550473153219,80000.0,36.58340947616387,0.085673385764147,0.06346236203772533
hot-1,55000.0,30000.0,80000.0,1.5e-06,11500.0,3.0,283.15,1603.15,0.03,mackwell_1998_maryland_diabase,1028.6400394426212,1184.4125027030839,8181.540000000001,3042.7485084825735,80000.0,21817.44,769.6550473153219,21817.44,769.6550473153219,80000.0,44.64979680871813,0.085673385764147,0.06346236203772533
hot-1,55000.0,30000.0,80000.0,1.5e-06,11500.0,3.0,283.15,1603.15,0.01,hacker_2015_bin_4,1028.6400394426212,1184.4125027030839,8181.540000000001,2804.067957440246,85000.0,30000.0,769.6550473153219,nan,nan,nan,13.201772093316908,0.085673385764147,0.06346236203772533
hot-1,55000.0,30000.0,80000.0,1.5e-06,11500.0,3.0,283.15,1603.15,0.01,hacker_2015_bin_3,1028.6400394426212,1184.4125027030839,8181.540000000001,2869.7025389263404,85000.0,30000.0,769.6550473153219,nan,nan,nan,14.91758866501704,0.085673385764147,0.06346236203772533
hot-1,55000.0,30000.0,80000.0,1.5e-06,11500.0,3.0,283.15,1603.15,0.01,sammon_2021_lower_crust,1028.6400394426212,1184.4125027030839,8181.540000000001,2945.596294065828,85000.0,30000.0,769.6550473153219,nan,nan,nan,15.47107125935091,0.085673385764147,0.06346236203772533
hot-1,55000.0,30000.0,80000.0,1.5e-06,11500.0,3.0,283.15,1603.15,0.01,sammon_2021_deep_crust,1028.6400394426212,1184.4125027030839,8181.540000000001,2874.5882203329525,85000.0,30000.0,769.6550473153219,nan,nan,nan,14.175295859471111,0.085673385764147,0.06346236203772533
hot-1,55000.0,30000.0,80000.0,1.5e-06,11500.0,3.0,283.15,1603.15,0.01,hacker_2015_bin_2,1028.6400394426212,1184.4125027030839,8181.540000000001,2970.5873443134933,85000.0,30000.0,769.6550473153219,nan,nan,nan,16.076499163914267,0.085673385764147,0.06346236203772533
hot-1,55000.0,30000.0,80000.0,1.5e-06,11500.0,3.0,283.15,1603.15,0.01,hacker_2015_md_xenolith,1028.6400394426212,1184.4125027030839,8181.540000000001,2983.7465687483723,80000.0,21817.44,769.6550473153219,nan,nan,nan,15.964799805163032,0.085673385764147,0.06346236203772533
hot-1,55000.0,30000.0,80000.0,1.5e-06,11500.0,3.0,283.15,1603.15,0.01,hacker_2015_bin_1,1028.6400394426212,1184.4125027030839,8181.540000000001,3187.4152406999615,80000.0,21817.44,769.6550473153219,nan,nan,nan,12.267019558576791,0.085673385764147,0.06346236203772533
hot-1,55000.0,30000.0,80000.0,1.5e-06,11500.0,3.0,283.15,1603.15,0.01,mackwell_1998_maryland_diabase,1028.6400394426212,1184.4125027030839,8181.540000000001,3042.7485084825735,80000.0,21817.44,769.6550473153219,nan,nan,nan,15.02509519692832,0.085673385764147,0.06346236203772533
hot-1,55000.0,30000.0,80000.0,1.5e-06,11500.0,3.0,283.15,1603.15,0.3,hacker_2015_bin_4,1028.6400394426212,1184.4125027030839,8181.540000000001,2804.067957440246,85000.0,30000.0,769.6550473153219,21817.44,769.6550473153219,80000.0,351.9252825025522,0.085673385764147,0.06346236203772533
hot-1,55000.0,30000.0,80000.0,1.5e-06,11500.0,3.0,283.15,1603.15,0.3,hacker_2015_bin_3,1028.6400394426212,1184.4125027030839,8181.540000000001,2869.7025389263404,85000.0,30000.0,769.6550473153219,21817.44,769.6550473153219,80000.0,395.9704977620559,0.085673385764147,0.06346236203772533
hot-1,55000.0,30000.0,80000.0,1.5e-06,11500.0,3.0,283.15,1603.15,0.3,sammon_2021_lower_crust,1028.6400394426212,1184.4125027030839,8181.540000000001,2945.596294065828,80000.0,21817.44,769.6550473153219,21817.44,769.6550473153219,80000.0,419.1796119958293,0.085673385764147,0.06346236203772533
hot-1,55000.0,30000.0,80000.0,1.5e-06,11500.0,3.0,283.15,1603.15,0.3,sammon_2021_deep_crust,1028.6400394426212,1184.4125027030839,8181.540000000001,2874.5882203329525,85000.0,30000.0,769.6550473153219,21817.44,769.6550473153219,80000.0,378.72586269935226,0.085673385764147,0.06346236203772533
hot-1,55000.0,30000.0,80000.0,1.5e-06,11500.0,3.0,283.15,1603.15,0.3,hacker_2015_bin_2,1028.6400394426212,1184.4125027030839,8181.540000000001,2970.5873443134933,80000.0,21817.44,769.6550473153219,21817.44,769.6550473153219,80000.0,438.0058146962933,0.085673385764147,0.06346236203772533
hot-1,55000.0,30000.0,80000.0,1.5e-06,11500.0,3.0,283.15,1603.15,0.3,hacker_2015_md_xenolith,1028.6400394426212,1184.4125027030839,8181.540000000001,2983.7465687483723,80000.0,21817.44,769.6550473153219,21817.44,769.6550473153219,80000.0,433.35484160948835,0.085673385764147,0.06346236203772533
hot-1,55000.0,30000.0,80000.0,1.5e-06,11500.0,3.0,283.15,1603.15,0.3,hacker_2015_bin_1,1028.6400394426212,1184.4125027030839,8181.540000000001,3187.4152406999615,80000.0,21817.44,769.6550473153219,21817.44,769.6550473153219,80000.0,340.79851778514376,0.085673385764147,0.06346236203772533
hot-1,55000.0,30000.0,80000.0,1.5e-06,11500.0,3.0,283.15,1603.15,0.3,mackwell_1998_maryland_diabase,1028.6400394426212,1184.4125027030839,8181.540000000001,3042.7485084825735,80000.0,21817.44,769.6550473153219,21817.44,769.6550473153219,80000.0,413.1900649251689,0.085673385764147,0.06346236203772533
hot-2,60000.0,30000.0,80000.0,1.5e-06,11250.0,3.0,283.15,1603.15,0.001,hacker_2015_bin_4,970.5463847075806,1137.9687356983513,8181.540000000001,2837.4431876312624,85000.0,30000.0,769.6550473153219,nan,nan,nan,1.5626116159696648,0.07972621343552735,0.061353235828072956
hot-2,60000.0,30000.0,80000.0,1.5e-06,11250.0,3.0,283.15,1603.15,0.001,hacker_2015_bin_3,970.5463847075806,1137.9687356983513,8181.540000000001,2896.4293456079313,85000.0,30000.0,769.6550473153219,nan,nan,nan,1.7624856766341463,0.07972621343552735,0.061353235828072956
hot-2,60000.0,30000.0,80000.0,1.5e-06,11250.0,3.0,283.15,1603.15,0.001,sammon_2021_lower_crust,970.5463847075806,1137.9687356983513,8181.540000000001,2950.2239339653497,85000.0,30000.0,769.6550473153219,nan,nan,nan,1.7389414815725397,0.07972621343552735,0.061353235828072956
hot-2,60000.0,30000.0,80000.0,1.5e-06,11250.0,3.0,283.15,1603.15,0.001,sammon_2021_deep_crust,970.5463847075806,1137.9687356983513,8181.540000000001,2881.4232088006843,85000.0,30000.0,769.6550473153219,nan,nan,nan,1.6053655712438548,0.07972621343552735,0.061353235828072956
hot-2,60000.0,30000.0,80000.0,1.5e-06,11250.0,3.0,283.15,1603.15,0.001,hacker_2015_bin_2,970.5463847075806,1137.9687356983513,8181.540000000001,2983.6460363234837,85000.0,30000.0,769.6550473153219,nan,nan,nan,1.9641557592709988,0.07972621343552735,0.061353235828072956
hot-2,60000.0,30000.0,80000.0,1.5e-06,11250.0,3.0,283.15,1603.15,0.001,hacker_2015_md_xenolith,970.5463847075806,1137.9687356983513,8181.540000000001,2987.8269091981256,85000.0,30000.0,769.6550473153219,nan,nan,nan,1.7948300876730112,0.07972621343552735,0.061353235828072956
hot-2,60000.0,30000.0,80000.0,1.5e-06,11250.0,3.0,283.15,1603.15,0.001,hacker_2015_bin_1,970.5463847075806,1137.9687356983513,8181.540000000001,3205.493628504579,85000.0,30000.0,769.6550473153219,nan,nan,nan,1.2629503713145924,0.07972621343552735,0.061353235828072956
hot-2,60000.0,30000.0,80000.0,1.5e-06,11250.0,3.0,283.15,1603.15,0.001,mackwell_1998_maryland_diabase,970.5463847075806,1137.9687356983513,8181.540000000001,3057.6574196713286,85000.0,30000.0,769.6550473153219,nan,nan,nan,1.7855805034628394,0.07972621343552735,0.061353235828072956
hot-2,60000.0,30000.0,80000.0,1.5e-06,11250.0,3.0,283.15,1603.15,0.03,hacker_2015_bin_4,970.5463847075806,1137.9687356983513,8181.540000000001,2837.4431876312624,85000.0,30000.0,769.6550473153219,nan,nan,nan,44.05157752654862,0.07972621343552735,0.061353235828072956
hot-2,60000.0,30000.0,80000.0,1.5e-06,11250.0,3.0,283.15,1603.15,0.03,hacker_2015_bin_3,970.5463847075806,1137.9687356983513,8181.540000000001,2896.4293456079313,85000.0,30000.0,769.6550473153219,nan,nan,nan,50.010778692862615,0.07972621343552735,0.061353235828072956
hot-2,60000.0,30000.0,80000.0,1.5e-06,11250.0,3.0,283.15,1603.15,0.03,sammon_2021_lower_crust,970.5463847075806,1137.9687356983513,8181.540000000001,2950.2239339653497,80000.0,21817.44,769.6550473153219,21817.44,769.6550473153219,80000.0,49.923543152591236,0.07972621343552735,0.061353235828072956
hot-2,60000.0,30000.0,80000.0,1.5e-06,11250.0,3.0,283.15,1603.15,0.03,sammon_2021_deep_crust,970.5463847075806,1137.9687356983513,8181.540000000001,2881.4232088006843,85000.0,30000.0,769.6550473153219,nan,nan,nan,45.3987341350914,0.07972621343552735,0.061353235828072956
hot-2,60000.0,30000.0,80000.0,1.5e-06,11250.0,3.0,283.15,1603.15,0.03,hacker_2015_bin_2,970.5463847075806,1137.9687356983513,8181.540000000001,2983.6460363234837,80000.0,21817.44,769.6550473153219,nan,nan,nan,56.37080610711145,0.07972621343552735,0.061353235828072956
hot-2,60000.0,30000.0,80000.0,1.5e-06,11250.0,3.0,283.15,1603.15,0.03,hacker_2015_md_xenolith,970.5463847075806,1137.9687356983513,8181.540000000001,2987.8269091981256,80000.0,21817.44,769.6550473153219,21817.44,769.6550473153219,80000.0,51.540754528813075,0.07972621343552735,0.061353235828072956
hot-2,60000.0,30000.0,80000.0,1.5e-06,11250.0,3.0,283.15,1603.15,0.03,hacker_2015_bin_1,970.5463847075806,1137.9687356983513,8181.540000000001,3205.493628504579,80000.0,21817.44,769.6550473153219,21817.44,769.6550473153219,80000.0,37.483608363261745,0.07972621343552735,0.061353235828072956
hot-2,60000.0,30000.0,80000.0,1.5e-06,11250.0,3.0,283.15,1603.15,0.03,mackwell_1998_maryland_diabase,970.5463847075806,1137.9687356983513,8181.540000000001,3057.6574196713286,80000.0,21817.44,769.6550473153219,21817.44,769.6550473153219,80000.0,51.727989660307585,0.07972621343552735,0.061353235828072956
hot-2,60000.0,30000.0,80000.0,1.5e-06,11250.0,3.0,283.15,1603.15,0.01,hacker_2015_bin_4,970.5463847075806,1137.9687356983513,8181.540000000001,2837.4431876312624,85000.0,30000.0,769.6550473153219,nan,nan,nan,15.21077269170944,0.07972621343552735,0.061353235828072956
hot-2,60000.0,30000.0,80000.0,1.5e-06,11250.0,3.0,283.15,1603.15,0.01,hacker_2015_bin_3,970.5463847075806,1137.9687356983513,8181.540000000001,2896.4293456079313,85000.0,30000.0,769.6550473153219,nan,nan,nan,17.228481164784103,0.07972621343552735,0.061353235828072956
hot-2,60000.0,30000.0,80000.0,1.5e-06,11250.0,3.0,283.15,1603.15,0.01,sammon_2021_lower_crust,970.5463847075806,1137.9687356983513,8181.540000000001,2950.2239339653497,85000.0,30000.0,769.6550473153219,nan,nan,nan,16.933099594225222,0.07972621343552735,0.061353235828072956
hot-2,60000.0,30000.0,80000.0,1.5e-06,11250.0,3.0,283.15,1603.15,0.01,sammon_2021_deep_crust,970.5463847075806,1137.9687356983513,8181.540000000001,2881.4232088006843,85000.0,30000.0,769.6550473153219,nan,nan,nan,15.507118910699774,0.07972621343552735,0.061353235828072956
hot-2,60000.0,30000.0,80000.0,1.5e-06,11250.0,3.0,283.15,1603.15,0.01,hacker_2015_bin_2,970.5463847075806,1137.9687356983513,8181.540000000001,2983.6460363234837,85000.0,30000.0,769.6550473153219,nan,nan,nan,19.32814745834038,0.07972621343552735,0.061353235828072956
hot-2,60000.0,30000.0,80000.0,1.5e-06,11250.0,3.0,283.15,1603.15,0.01,hacker_2015_md_xenolith,970.5463847075806,1137.9687356983513,8181.540000000001,2987.8269091981256,80000.0,21817.44,769.6550473153219,nan,nan,nan,17.467958326329914,0.07972621343552735,0.061353235828072956
hot-2,60000.0,30000.0,80000.0,1.5e-06,11250.0,3.0,283.15,1603.15,0.01,hacker_2015_bin_1,970.5463847075806,1137.9687356983513,8181.540000000001,3205.493628504579,80000.0,21817.44,769.6550473153219,nan,nan,nan,12.586938507743671,0.07972621343552735,0.061353235828072956
hot-2,60000.0,30000.0,80000.0,1.5e-06,11250.0,3.0,283.15,1603.15,0.01,mackwell_1998_maryland_diabase,970.5463847075806,1137.9687356983513,8181.540000000001,3057.6574196713286,80000.0,21817.44,769.6550473153219,nan,nan,nan,17.63786491513513,0.07972621343552735,0.061353235828072956
hot-2,60000.0,30000.0,80000.0,1.5e-06,11250.0,3.0,283.15,1603.15,0.3,hacker_2015_bin_4,970.5463847075806,1137.9687356983513,8181.540000000001,2837.4431876312624,85000.0,30000.0,769.6550473153219,21817.44,769.6550473153219,80000.0,383.5182538772131,0.07972621343552735,0.061353235828072956
hot-2,60000.0,30000.0,80000.0,1.5e-06,11250.0,3.0,283.15,1603.15,0.3,hacker_2015_bin_3,970.5463847075806,1137.9687356983513,8181.540000000001,2896.4293456079313,85000.0,30000.0,769.6550473153219,21817.44,769.6550473153219,80000.0,432.412762234831,0.07972621343552735,0.061353235828072956
hot-2,60000.0,30000.0,80000.0,1.5e-06,11250.0,3.0,283.15,1603.15,0.3,sammon_2021_lower_crust,970.5463847075806,1137.9687356983513,8181.540000000001,2950.2239339653497,80000.0,21817.44,769.6550473153219,21817.44,769.6550473153219,80000.0,450.97466103674265,0.07972621343552735,0.061353235828072956
hot-2,60000.0,30000.0,80000.0,1.5e-06,11250.0,3.0,283.15,1603.15,0.3,sammon_2021_deep_crust,970.5463847075806,1137.9687356983513,8181.540000000001,2881.4232088006843,85000.0,30000.0,769.6550473153219,21817.44,769.6550473153219,80000.0,407.7021790122989,0.07972621343552735,0.061353235828072956
hot-2,60000.0,30000.0,80000.0,1.5e-06,11250.0,3.0,283.15,1603.15,0.3,hacker_2015_bin_2,970.5463847075806,1137.9687356983513,8181.540000000001,2983.6460363234837,80000.0,21817.44,769.6550473153219,21817.44,769.6550473153219,80000.0,484.5070739441846,0.07972621343552735,0.061353235828072956
hot-2,60000.0,30000.0,80000.0,1.5e-06,11250.0,3.0,283.15,1603.15,0.3,hacker_2015_md_xenolith,970.5463847075806,1137.9687356983513,8181.540000000001,2987.8269091981256,80000.0,21817.44,769.6550473153219,21817.44,769.6550473153219,80000.0,466.1844088345053,0.07972621343552735,0.061353235828072956
hot-2,60000.0,30000.0,80000.0,1.5e-06,11250.0,3.0,283.15,1603.15,0.3,hacker_2015_bin_1,970.5463847075806,1137.9687356983513,8181.540000000001,3205.493628504579,80000.0,21817.44,769.6550473153219,21817.44,769.6550473153219,80000.0,347.0051186988101,0.07972621343552735,0.061353235828072956
hot-2,60000.0,30000.0,80000.0,1.5e-06,11250.0,3.0,283.15,1603.15,0.3,mackwell_1998_maryland_diabase,970.5463847075806,1137.9687356983513,8181.540000000001,3057.6574196713286,80000.0,21817.44,769.6550473153219,21817.44,769.6550473153219,80000.0,449.93752328324643,0.07972621343552735,0.061353235828072956
hot-3,65000.0,30000.0,80000.0,1.5e-06,11000.0,3.0,283.15,1603.15,0.001,hacker_2015_bin_4,921.0769508944969,1096.4425055061665,8181.540000000001,2907.7929584994704,85000.0,30000.0,769.6550473153219,nan,nan,nan,1.4154856861479796,0.07463834937899035,0.05942021372858965
hot-3,65000.0,30000.0,80000.0,1.5e-06,11000.0,3.0,283.15,1603.15,0.001,hacker_2015_bin_3,921.0769508944969,1096.4425055061665,8181.540000000001,2990.8194399072913,85000.0,30000.0,769.6550473153219,nan,nan,nan,1.5046327569976388,0.07463834937899035,0.05942021372858965
hot-3,65000.0,30000.0,80000.0,1.5e-06,11000.0,3.0,283.15,1603.15,0.001,sammon_2021_lower_crust,921.0769508944969,1096.4425055061665,8181.540000000001,2965.574549505029,85000.0,30000.0,769.6550473153219,nan,nan,nan,1.9999585049431075,0.07463834937899035,0.05942021372858965
hot-3,65000.0,30000.0,80000.0,1.5e-06,11000.0,3.0,283.15,1603.15,0.001,sammon_2021_deep_crust,921.0769508944969,1096.4425055061665,8181.540000000001,2914.154325701636,85000.0,30000.0,769.6550473153219,nan,nan,nan,1.764207792256112,0.07463834937899035,0.05942021372858965
hot-3,65000.0,30000.0,80000.0,1.5e-06,11000.0,3.0,283.15,1603.15,0.001,hacker_2015_bin_2,921.0769508944969,1096.4425055061665,8181.540000000001,3107.4849536536794,85000.0,30000.0,769.6550473153219,nan,nan,nan,1.5458741960536928,0.07463834937899035,0.05942021372858965
hot-3,65000.0,30000.0,80000.0,1.5e-06,11000.0,3.0,283.15,1603.15,0.001,hacker_2015_md_xenolith,921.0769508944969,1096.4425055061665,8181.540000000001,3092.876873676091,85000.0,30000.0,769.6550473153219,nan,nan,nan,1.6135363296112377,0.07463834937899035,0.05942021372858965
hot-3,65000.0,30000.0,80000.0,1.5e-06,11000.0,3.0,283.15,1603.15,0.001,hacker_2015_bin_1,921.0769508944969,1096.4425055061665,8181.540000000001,3219.115292706708,85000.0,30000.0,769.6550473153219,nan,nan,nan,1.3485335961687386,0.07463834937899035,0.05942021372858965
hot-3,65000.0,30000.0,80000.0,1.5e-06,11000.0,3.0,283.15,1603.15,0.001,mackwell_1998_maryland_diabase,921.0769508944969,1096.4425055061665,8181.540000000001,3198.3096727652833,85000.0,30000.0,769.6550473153219,nan,nan,nan,1.2444409605377733,0.07463834937899035,0.05942021372858965
hot-3,65000.0,30000.0,80000.0,1.5e-06,11000.0,3.0,283.15,1603.15,0.03,hacker_2015_bin_4,921.0769508944969,1096.4425055061665,8181.540000000001,2907.7929584994704,85000.0,30000.0,769.6550473153219,nan,nan,nan,40.43725565101993,0.07463834937899035,0.05942021372858965
hot-3,65000.0,30000.0,80000.0,1.5e-06,11000.0,3.0,283.15,1603.15,0.03,hacker_2015_bin_3,921.0769508944969,1096.4425055061665,8181.540000000001,2990.8194399072913,85000.0,30000.0,769.6550473153219,nan,nan,nan,43.39853142909402,0.07463834937899035,0.05942021372858965
hot-3,65000.0,30000.0,80000.0,1.5e-06,11000.0,3.0,283.15,1603.15,0.03,sammon_2021_lower_crust,921.0769508944969,1096.4425055061665,8181.540000000001,2965.574549505029,80000.0,21817.44,769.6550473153219,21817.44,769.6550473153219,80000.0,57.00857283289964,0.07463834937899035,0.05942021372858965
hot-3,65000.0,30000.0,80000.0,1.5e-06,11000.0,3.0,283.15,1603.15,0.03,sammon_2021_deep_crust,921.0769508944969,1096.4425055061665,8181.540000000001,2914.154325701636,85000.0,30000.0,769.6550473153219,nan,nan,nan,50.45219565912229,0.07463834937899035,0.05942021372858965
hot-3,65000.0,30000.0,80000.0,1.5e-06,11000.0,3.0,283.15,1603.15,0.03,hacker_2015_bin_2,921.0769508944969,1096.4425055061665,8181.540000000001,3107.4849536536794,80000.0,21817.44,769.6550473153219,nan,nan,nan,45.227772297064476,0.07463834937899035,0.05942021372858965
hot-3,65000.0,30000.0,80000.0,1.5e-06,11000.0,3.0,283.15,1603.15,0.03,hacker_2015_md_xenolith,921.0769508944969,1096.4425055061665,8181.540000000001,3092.876873676091,80000.0,21817.44,769.6550473153219,21817.44,769.6550473153219,80000.0,47.24947379351599,0.07463834937899035,0.05942021372858965
hot-3,65000.0,30000.0,80000.0,1.5e-06,11000.0,3.0,283.15,1603.15,0.03,hacker_2015_bin_1,921.0769508944969,1096.4425055061665,8181.540000000001,3219.115292706708,80000.0,21817.44,769.6550473153219,21817.44,769.6550473153219,80000.0,39.3490403050934,0.07463834937899035,0.05942021372858965
hot-3,65000.0,30000.0,80000.0,1.5e-06,11000.0,3.0,283.15,1603.15,0.03,mackwell_1998_maryland_diabase,921.0769508944969,1096.4425055061665,8181.540000000001,3198.3096727652833,80000.0,21817.44,769.6550473153219,21817.44,769.6550473153219,80000.0,36.75455410287182,0.07463834937899035,0.05942021372858965
hot-3,65000.0,30000.0,80000.0,1.5e-06,11000.0,3.0,283.15,1603.15,0.01,hacker_2015_bin_4,921.0769508944969,1096.4425055061665,8181.540000000001,2907.7929584994704,85000.0,30000.0,769.6550473153219,nan,nan,nan,13.868784410594438,0.07463834937899035,0.05942021372858965
hot-3,65000.0,30000.0,80000.0,1.5e-06,11000.0,3.0,283.15,1603.15,0.01,hacker_2015_bin_3,921.0769508944969,1096.4425055061665,8181.540000000001,2990.8194399072913,85000.0,30000.0,769.6550473153219,nan,nan,nan,14.81595886178546,0.07463834937899035,0.05942021372858965
hot-3,65000.0,30000.0,80000.0,1.5e-06,11000.0,3.0,283.15,1603.15,0.01,sammon_2021_lower_crust,921.0769508944969,1096.4425055061665,8181.540000000001,2965.574549505029,85000.0,30000.0,769.6550473153219,nan,nan,nan,19.620664541270887,0.07463834937899035,0.05942021372858965
hot-3,65000.0,30000.0,80000.0,1.5e-06,11000.0,3.0,283.15,1603.15,0.01,sammon_2021_deep_crust,921.0769508944969,1096.4425055061665,8181.540000000001,2914.154325701636,85000.0,30000.0,769.6550473153219,nan,nan,nan,17.313680942742575,0.07463834937899035,0.05942021372858965
hot-3,65000.0,30000.0,80000.0,1.5e-06,11000.0,3.0,283.15,1603.15,0.01,hacker_2015_bin_2,921.0769508944969,1096.4425055061665,8181.540000000001,3107.4849536536794,85000.0,30000.0,769.6550473153219,nan,nan,nan,15.324329794406696,0.07463834937899035,0.05942021372858965
hot-3,65000.0,30000.0,80000.0,1.5e-06,11000.0,3.0,283.15,1603.15,0.01,hacker_2015_md_xenolith,921.0769508944969,1096.4425055061665,8181.540000000001,3092.876873676091,80000.0,21817.44,769.6550473153219,nan,nan,nan,16.002126564349105,0.07463834937899035,0.05942021372858965
hot-3,65000.0,30000.0,80000.0,1.5e-06,11000.0,3.0,283.15,1603.15,0.01,hacker_2015_bin_1,921.0769508944969,1096.4425055061665,8181.540000000001,3219.115292706708,80000.0,21817.44,769.6550473153219,nan,nan,nan,13.292401212906864,0.07463834937899035,0.05942021372858965
hot-3,65000.0,30000.0,80000.0,1.5e-06,11000.0,3.0,283.15,1603.15,0.01,mackwell_1998_maryland_diabase,921.0769508944969,1096.4425055061665,8181.540000000001,3198.3096727652833,80000.0,21817.44,769.6550473153219,nan,nan,nan,12.381945445386757,0.07463834937899035,0.05942021372858965
hot-3,65000.0,30000.0,80000.0,1.5e-06,11000.0,3.0,283.15,1603.15,0.3,hacker_2015_bin_4,921.0769508944969,1096.4425055061665,8181.540000000001,2907.7929584994704,85000.0,30000.0,769.6550473153219,21817.44,769.6550473153219,80000.0,354.45380090627395,0.07463834937899035,0.05942021372858965
hot-3,65000.0,30000.0,80000.0,1.5e-06,11000.0,3.0,283.15,1603.15,0.3,hacker_2015_bin_3,921.0769508944969,1096.4425055061665,8181.540000000001,2990.8194399072913,85000.0,30000.0,769.6550473153219,21817.44,769.6550473153219,80000.0,382.45761920643224,0.07463834937899035,0.05942021372858965
hot-3,65000.0,30000.0,80000.0,1.5e-06,11000.0,3.0,283.15,1603.15,0.3,sammon_2021_lower_crust,921.0769508944969,1096.4425055061665,8181.540000000001,2965.574549505029,80000.0,21817.44,769.6550473153219,21817.44,769.6550473153219,80000.0,485.60829676798056,0.07463834937899035,0.05942021372858965
hot-3,65000.0,30000.0,80000.0,1.5e-06,11000.0,3.0,283.15,1603.15,0.3,sammon_2021_deep_crust,921.0769508944969,1096.4425055061665,8181.540000000001,2914.154325701636,85000.0,30000.0,769.6550473153219,21817.44,769.6550473153219,80000.0,433.81192543747034,0.07463834937899035,0.05942021372858965
hot-3,65000.0,30000.0,80000.0,1.5e-06,11000.0,3.0,283.15,1603.15,0.3,hacker_2015_bin_2,921.0769508944969,1096.4425055061665,8181.540000000001,3107.4849536536794,80000.0,21817.44,769.6550473153219,21817.44,769.6550473153219,80000.0,403.0134417850543,0.07463834937899035,0.05942021372858965
hot-3,65000.0,30000.0,80000.0,1.5e-06,11000.0,3.0,283.15,1603.15,0.3,hacker_2015_md_xenolith,921.0769508944969,1096.4425055061665,8181.540000000001,3092.876873676091,80000.0,21817.44,769.6550473153219,21817.44,769.6550473153219,80000.0,420.06545761509705,0.07463834937899035,0.05942021372858965
hot-3,65000.0,30000.0,80000.0,1.5e-06,11000.0,3.0,283.15,1603.15,0.3,hacker_2015_bin_1,921.0769508944969,1096.4425055061665,8181.540000000001,3219.115292706708,80000.0,21817.44,769.6550473153219,21817.44,769.6550473153219,80000.0,358.16066953387525,0.07463834937899035,0.05942021372858965
hot-3,65000.0,30000.0,80000.0,1.5e-06,11000.0,3.0,283.15,1603.15,0.3,mackwell_1998_maryland_diabase,921.0769508944969,1096.4425055061665,8181.540000000001,3198.3096727652833,80000.0,21817.44,769.6550473153219,21817.44,769.6550473153219,80000.0,333.3574913481934,0.07463834937899035,0.05942021372858965
transitional-1,72000.0,30000.0,80000.0,1.5e-06,10500.0,3.0,283.15,1603.15,0.001,hacker_2015_bin_4,862.1644380381689,1039.4748927158678,8181.540000000001,2924.783369038985,85000.0,30000.0,769.6550473153219,nan,nan,nan,1.511750001621661,0.06845554111752962,0.056506442980079015
transitional-1,72000.0,30000.0,80000.0,1.5e-06,10500.0,3.0,283.15,1603.15,0.001,hacker_2015_bin_3,862.1644380381689,1039.4748927158678,8181.540000000001,3022.967267234176,85000.0,30000.0,769.6550473153219,nan,nan,nan,1.5371340187128064,0.06845554111752962,0.056506442980079015
transitional-1,72000.0,30000.0,80000.0,1.5e-06,10500.0,3.0,283.15,1603.15,0.001,sammon_2021_lower_crust,862.1644380381689,1039.4748927158678,8181.540000000001,3089.013416471753,85000.0,30000.0,769.6550473153219,nan,nan,nan,1.5815849851945263,0.06845554111752962,0.056506442980079015
transitional-1,72000.0,30000.0,80000.0,1.5e-06,10500.0,3.0,283.15,1603.15,0.001,sammon_2021_deep_crust,862.1644380381689,1039.4748927158678,8181.540000000001,3015.661301412097,85000.0,30000.0,769.6550473153219,nan,nan,nan,1.4727898583656687,0.06845554111752962,0.056506442980079015
transitional-1,72000.0,30000.0,80000.0,1.5e-06,10500.0,3.0,283.15,1603.15,0.001,hacker_2015_bin_2,862.1644380381689,1039.4748927158678,8181.540000000001,3148.5459548373688,85000.0,30000.0,769.6550473153219,nan,nan,nan,1.5287280108338137,0.06845554111752962,0.056506442980079015
transitional-1,72000.0,30000.0,80000.0,1.5e-06,10500.0,3.0,283.15,1603.15,0.001,hacker_2015_md_xenolith,862.1644380381689,1039.4748927158678,8181.540000000001,3169.0926679733743,85000.0,30000.0,769.6550473153219,nan,nan,nan,1.4249206192857489,0.06845554111752962,0.056506442980079015
transitional-1,72000.0,30000.0,80000.0,1.5e-06,10500.0,3.0,283.15,1603.15,0.001,hacker_2015_bin_1,862.1644380381689,1039.4748927158678,8181.540000000001,3225.139275296904,85000.0,30000.0,769.6550473153219,nan,nan,nan,1.4714107074642748,0.06845554111752962,0.056506442980079015
transitional-1,72000.0,30000.0,80000.0,1.5e-06,10500.0,3.0,283.15,1603.15,0.001,mackwell_1998_maryland_diabase,862.1644380381689,1039.4748927158678,8181.540000000001,3242.286920287718,85000.0,30000.0,769.6550473153219,nan,nan,nan,1.1796828629706015,0.06845554111752962,0.056506442980079015
transitional-1,72000.0,30000.0,80000.0,1.5e-06,10500.0,3.0,283.15,1603.15,0.03,hacker_2015_bin_4,862.1644380381689,1039.4748927158678,8181.540000000001,2924.783369038985,85000.0,30000.0,769.6550473153219,nan,nan,nan,42.35661998690105,0.06845554111752962,0.056506442980079015
transitional-1,72000.0,30000.0,80000.0,1.5e-06,10500.0,3.0,283.15,1603.15,0.03,hacker_2015_bin_3,862.1644380381689,1039.4748927158678,8181.540000000001,3022.967267234176,85000.0,30000.0,769.6550473153219,nan,nan,nan,43.608437000023834,0.06845554111752962,0.056506442980079015
transitional-1,72000.0,30000.0,80000.0,1.5e-06,10500.0,3.0,283.15,1603.15,0.03,sammon_2021_lower_crust,862.1644380381689,1039.4748927158678,8181.540000000001,3089.013416471753,80000.0,21817.44,769.6550473153219,21817.44,769.6550473153219,80000.0,45.903109693290965,0.06845554111752962,0.056506442980079015
transitional-1,72000.0,30000.0,80000.0,1.5e-06,10500.0,3.0,283.15,1603.15,0.03,sammon_2021_deep_crust,862.1644380381689,1039.4748927158678,8181.540000000001,3015.661301412097,85000.0,30000.0,769.6550473153219,21817.44,769.6550473153219,80000.0,42.411641392553705,0.06845554111752962,0.056506442980079015
transitional-1,72000.0,30000.0,80000.0,1.5e-06,10500.0,3.0,283.15,1603.15,0.03,hacker_2015_bin_2,862.1644380381689,1039.4748927158678,8181.540000000001,3148.5459548373688,80000.0,21817.44,769.6550473153219,21817.44,769.6550473153219,80000.0,44.0344054149671,0.06845554111752962,0.056506442980079015
transitional-1,72000.0,30000.0,80000.0,1.5e-06,10500.0,3.0,283.15,1603.15,0.03,hacker_2015_md_xenolith,862.1644380381689,1039.4748927158678,8181.540000000001,3169.0926679733743,80000.0,21817.44,769.6550473153219,21817.44,769.6550473153219,80000.0,41.23068926499165,0.06845554111752962,0.056506442980079015
transitional-1,72000.0,30000.0,80000.0,1.5e-06,10500.0,3.0,283.15,1603.15,0.03,hacker_2015_bin_1,862.1644380381689,1039.4748927158678,8181.540000000001,3225.139275296904,80000.0,21817.44,769.6550473153219,21817.44,769.6550473153219,80000.0,42.679407511318566,0.06845554111752962,0.056506442980079015
transitional-1,72000.0,30000.0,80000.0,1.5e-06,10500.0,3.0,283.15,1603.15,0.03,mackwell_1998_maryland_diabase,862.1644380381689,1039.4748927158678,8181.540000000001,3242.286920287718,80000.0,21817.44,769.6550473153219,21817.44,769.6550473153219,80000.0,34.31452418817463,0.06845554111752962,0.056506442980079015
transitional-1,72000.0,30000.0,80000.0,1.5e-06,10500.0,3.0,283.15,1603.15,0.01,hacker_2015_bin_4,862.1644380381689,1039.4748927158678,8181.540000000001,2924.783369038985,85000.0,30000.0,769.6550473153219,nan,nan,nan,14.631669097881007,0.06845554111752962,0.056506442980079015
transitional-1,72000.0,30000.0,80000.0,1.5e-06,10500.0,3.0,283.15,1603.15,0.01,hacker_2015_bin_3,862.1644380381689,1039.4748927158678,8181.540000000001,3022.967267234176,85000.0,30000.0,769.6550473153219,nan,nan,nan,14.982176939802434,0.06845554111752962,0.056506442980079015
transitional-1,72000.0,30000.0,80000.0,1.5e-06,10500.0,3.0,283.15,1603.15,0.01,sammon_2021_lower_crust,862.1644380381689,1039.4748927158678,8181.540000000001,3089.013416471753,85000.0,30000.0,769.6550473153219,nan,nan,nan,15.621445263098526,0.06845554111752962,0.056506442980079015
transitional-1,72000.0,30000.0,80000.0,1.5e-06,10500.0,3.0,283.15,1603.15,0.01,sammon_2021_deep_crust,862.1644380381689,1039.4748927158678,8181.540000000001,3015.661301412097,85000.0,30000.0,769.6550473153219,nan,nan,nan,14.489347046104262,0.06845554111752962,0.056506442980079015
transitional-1,72000.0,30000.0,80000.0,1.5e-06,10500.0,3.0,283.15,1603.15,0.01,hacker_2015_bin_2,862.1644380381689,1039.4748927158678,8181.540000000001,3148.5459548373688,85000.0,30000.0,769.6550473153219,nan,nan,nan,15.004633344208852,0.06845554111752962,0.056506442980079015
transitional-1,72000.0,30000.0,80000.0,1.5e-06,10500.0,3.0,283.15,1603.15,0.01,hacker_2015_md_xenolith,862.1644380381689,1039.4748927158678,8181.540000000001,3169.0926679733743,80000.0,21817.44,769.6550473153219,nan,nan,nan,14.014184559488159,0.06845554111752962,0.056506442980079015
transitional-1,72000.0,30000.0,80000.0,1.5e-06,10500.0,3.0,283.15,1603.15,0.01,hacker_2015_bin_1,862.1644380381689,1039.4748927158678,8181.540000000001,3225.139275296904,80000.0,21817.44,769.6550473153219,nan,nan,nan,14.48626771655007,0.06845554111752962,0.056506442980079015
transitional-1,72000.0,30000.0,80000.0,1.5e-06,10500.0,3.0,283.15,1603.15,0.01,mackwell_1998_maryland_diabase,862.1644380381689,1039.4748927158678,8181.540000000001,3242.286920287718,80000.0,21817.44,769.6550473153219,nan,nan,nan,11.611607940338056,0.06845554111752962,0.056506442980079015
transitional-1,72000.0,30000.0,80000.0,1.5e-06,10500.0,3.0,283.15,1603.15,0.3,hacker_2015_bin_4,862.1644380381689,1039.4748927158678,8181.540000000001,2924.783369038985,85000.0,30000.0,769.6550473153219,21817.44,769.6550473153219,80000.0,368.3067494936665,0.06845554111752962,0.056506442980079015
transitional-1,72000.0,30000.0,80000.0,1.5e-06,10500.0,3.0,283.15,1603.15,0.3,hacker_2015_bin_3,862.1644380381689,1039.4748927158678,8181.540000000001,3022.967267234176,85000.0,30000.0,769.6550473153219,21817.44,769.6550473153219,80000.0,381.3172410597732,0.06845554111752962,0.056506442980079015
transitional-1,72000.0,30000.0,80000.0,1.5e-06,10500.0,3.0,283.15,1603.15,0.3,sammon_2021_lower_crust,862.1644380381689,1039.4748927158678,8181.540000000001,3089.013416471753,80000.0,21817.44,769.6550473153219,21817.44,769.6550473153219,80000.0,404.7658244752817,0.06845554111752962,0.056506442980079015
transitional-1,72000.0,30000.0,80000.0,1.5e-06,10500.0,3.0,283.15,1603.15,0.3,sammon_2021_deep_crust,862.1644380381689,1039.4748927158678,8181.540000000001,3015.661301412097,85000.0,30000.0,769.6550473153219,21817.44,769.6550473153219,80000.0,372.6254009860631,0.06845554111752962,0.056506442980079015
transitional-1,72000.0,30000.0,80000.0,1.5e-06,10500.0,3.0,283.15,1603.15,0.3,hacker_2015_bin_2,862.1644380381689,1039.4748927158678,8181.540000000001,3148.5459548373688,80000.0,21817.44,769.6550473153219,21817.44,769.6550473153219,80000.0,388.89511431734417,0.06845554111752962,0.056506442980079015
transitional-1,72000.0,30000.0,80000.0,1.5e-06,10500.0,3.0,283.15,1603.15,0.3,hacker_2015_md_xenolith,862.1644380381689,1039.4748927158678,8181.540000000001,3169.0926679733743,80000.0,21817.44,769.6550473153219,21817.44,769.6550473153219,80000.0,366.33923042434395,0.06845554111752962,0.056506442980079015
transitional-1,72000.0,30000.0,80000.0,1.5e-06,10500.0,3.0,283.15,1603.15,0.3,hacker_2015_bin_1,862.1644380381689,1039.4748927158678,8181.540000000001,3225.139275296904,80000.0,21817.44,769.6550473153219,21817.44,769.6550473153219,80000.0,382.06365361495864,0.06845554111752962,0.056506442980079015
transitional-1,72000.0,30000.0,80000.0,1.5e-06,10500.0,3.0,283.15,1603.15,0.3,mackwell_1998_maryland_diabase,862.1644380381689,1039.4748927158678,8181.540000000001,3242.286920287718,80000.0,21817.44,769.6550473153219,21817.44,769.6550473153219,80000.0,308.562706436034,0.06845554111752962,0.056506442980079015
transitional-2,78000.0,30000.0,80000.0,1.5e-06,10000.0,3.0,283.15,1603.15,0.001,hacker_2015_bin_4,819.1300645619718,991.9996898765859,8181.540000000001,2930.6512177076916,85000.0,30000.0,769.6550473153219,nan,nan,nan,1.6074743895886556,0.0638469417980365,0.053912357615276824
transitional-2,78000.0,30000.0,80000.0,1.5e-06,10000.0,3.0,283.15,1603.15,0.001,hacker_2015_bin_3,819.1300645619718,991.9996898765859,8181.540000000001,3028.9028072532205,85000.0,30000.0,769.6550473153219,nan,nan,nan,1.6330014854758275,0.0638469417980365,0.053912357615276824
transitional-2,78000.0,30000.0,80000.0,1.5e-06,10000.0,3.0,283.15,1603.15,0.001,sammon_2021_lower_crust,819.1300645619718,991.9996898765859,8181.540000000001,3185.964512773004,85000.0,30000.0,769.6550473153219,nan,nan,nan,1.2485245529190456,0.0638469417980365,0.053912357615276824
transitional-2,78000.0,30000.0,80000.0,1.5e-06,10000.0,3.0,283.15,1603.15,0.001,sammon_2021_deep_crust,819.1300645619718,991.9996898765859,8181.540000000001,3067.135889846893,85000.0,30000.0,769.6550473153219,nan,nan,nan,1.3745841111482413,0.0638469417980365,0.053912357615276824
transitional-2,78000.0,30000.0,80000.0,1.5e-06,10000.0,3.0,283.15,1603.15,0.001,hacker_2015_bin_2,819.1300645619718,991.9996898765859,8181.540000000001,3154.7348665887976,85000.0,30000.0,769.6550473153219,nan,nan,nan,1.6169021962823167,0.0638469417980365,0.053912357615276824
transitional-2,78000.0,30000.0,80000.0,1.5e-06,10000.0,3.0,283.15,1603.15,0.001,hacker_2015_md_xenolith,819.1300645619718,991.9996898765859,8181.540000000001,3181.506546991405,85000.0,30000.0,769.6550473153219,nan,nan,nan,1.4800208362347538,0.0638469417980365,0.053912357615276824
transitional-2,78000.0,30000.0,80000.0,1.5e-06,10000.0,3.0,283.15,1603.15,0.001,hacker_2015_bin_1,819.1300645619718,991.9996898765859,8181.540000000001,3229.558340086843,85000.0,30000.0,769.6550473153219,nan,nan,nan,1.572815079524521,0.0638469417980365,0.053912357615276824
transitional-2,78000.0,30000.0,80000.0,1.5e-06,10000.0,3.0,283.15,1603.15,0.001,mackwell_1998_maryland_diabase,819.1300645619718,991.9996898765859,8181.540000000001,3249.104294338991,85000.0,30000.0,769.6550473153219,nan,nan,nan,1.2396505139760567,0.0638469417980365,0.053912357615276824
transitional-2,78000.0,30000.0,80000.0,1.5e-06,10000.0,3.0,283.15,1603.15,0.03,hacker_2015_bin_4,819.1300645619718,991.9996898765859,8181.540000000001,2930.6512177076916,85000.0,30000.0,769.6550473153219,nan,nan,nan,44.4144265082742,0.0638469417980365,0.053912357615276824
transitional-2,78000.0,30000.0,80000.0,1.5e-06,10000.0,3.0,283.15,1603.15,0.03,hacker_2015_bin_3,819.1300645619718,991.9996898765859,8181.540000000001,3028.9028072532205,85000.0,30000.0,769.6550473153219,nan,nan,nan,45.754703686061745,0.0638469417980365,0.053912357615276824
transitional-2,78000.0,30000.0,80000.0,1.5e-06,10000.0,3.0,283.15,1603.15,0.03,sammon_2021_lower_crust,819.1300645619718,991.9996898765859,8181.540000000001,3185.964512773004,80000.0,21817.44,769.6550473153219,21817.44,769.6550473153219,80000.0,36.16946579197833,0.0638469417980365,0.053912357615276824
transitional-2,78000.0,30000.0,80000.0,1.5e-06,10000.0,3.0,283.15,1603.15,0.03,sammon_2021_deep_crust,819.1300645619718,991.9996898765859,8181.540000000001,3067.135889846893,85000.0,30000.0,769.6550473153219,21817.44,769.6550473153219,80000.0,39.39970791335276,0.0638469417980365,0.053912357615276824
transitional-2,78000.0,30000.0,80000.0,1.5e-06,10000.0,3.0,283.15,1603.15,0.03,hacker_2015_bin_2,819.1300645619718,991.9996898765859,8181.540000000001,3154.7348665887976,80000.0,21817.44,769.6550473153219,21817.44,769.6550473153219,80000.0,46.19574995224605,0.0638469417980365,0.053912357615276824
transitional-2,78000.0,30000.0,80000.0,1.5e-06,10000.0,3.0,283.15,1603.15,0.03,hacker_2015_md_xenolith,819.1300645619718,991.9996898765859,8181.540000000001,3181.506546991405,80000.0,21817.44,769.6550473153219,21817.44,769.6550473153219,80000.0,42.558435671694866,0.0638469417980365,0.053912357615276824
transitional-2,78000.0,30000.0,80000.0,1.5e-06,10000.0,3.0,283.15,1603.15,0.03,hacker_2015_bin_1,819.1300645619718,991.9996898765859,8181.540000000001,3229.558340086843,80000.0,21817.44,769.6550473153219,21817.44,769.6550473153219,80000.0,45.26304617901335,0.0638469417980365,0.053912357615276824
transitional-2,78000.0,30000.0,80000.0,1.5e-06,10000.0,3.0,283.15,1603.15,0.03,mackwell_1998_maryland_diabase,819.1300645619718,991.9996898765859,8181.540000000001,3249.104294338991,80000.0,21817.44,769.6550473153219,21817.44,769.6550473153219,80000.0,35.966169554825434,0.0638469417980365,0.053912357615276824
transitional-2,78000.0,30000.0,80000.0,1.5e-06,10000.0,3.0,283.15,1603.15,0.01,hacker_2015_bin_4,819.1300645619718,991.9996898765859,8181.540000000001,2930.6512177076916,85000.0,30000.0,769.6550473153219,nan,nan,nan,15.420761240047913,0.0638469417980365,0.053912357615276824
transitional-2,78000.0,30000.0,80000.0,1.5e-06,10000.0,3.0,283.15,1603.15,0.01,hacker_2015_bin_3,819.1300645619718,991.9996898765859,8181.540000000001,3028.9028072532205,85000.0,30000.0,769.6550473153219,nan,nan,nan,15.804473179910657,0.0638469417980365,0.053912357615276824
transitional-2,78000.0,30000.0,80000.0,1.5e-06,10000.0,3.0,283.15,1603.15,0.01,sammon_2021_lower_crust,819.1300645619718,991.9996898765859,8181.540000000001,3185.964512773004,85000.0,30000.0,769.6550473153219,nan,nan,nan,12.296757151967283,0.0638469417980365,0.053912357615276824
transitional-2,78000.0,30000.0,80000.0,1.5e-06,10000.0,3.0,283.15,1603.15,0.01,sammon_2021_deep_crust,819.1300645619718,991.9996898765859,8181.540000000001,3067.135889846893,85000.0,30000.0,769.6550473153219,nan,nan,nan,13.473409386254213,0.0638469417980365,0.053912357615276824
transitional-2,78000.0,30000.0,80000.0,1.5e-06,10000.0,3.0,283.15,1603.15,0.01,hacker_2015_bin_2,819.1300645619718,991.9996898765859,8181.540000000001,3154.7348665887976,85000.0,30000.0,769.6550473153219,nan,nan,nan,15.819195942211506,0.0638469417980365,0.053912357615276824
transitional-2,78000.0,30000.0,80000.0,1.5e-06,10000.0,3.0,283.15,1603.15,0.01,hacker_2015_md_xenolith,819.1300645619718,991.9996898765859,8181.540000000001,3181.506546991405,80000.0,21817.44,769.6550473153219,nan,nan,nan,14.524835195518628,0.0638469417980365,0.053912357615276824
transitional-2,78000.0,30000.0,80000.0,1.5e-06,10000.0,3.0,283.15,1603.15,0.01,hacker_2015_bin_1,819.1300645619718,991.9996898765859,8181.540000000001,3229.558340086843,80000.0,21817.44,769.6550473153219,nan,nan,nan,15.440327351284159,0.0638469417980365,0.053912357615276824
transitional-2,78000.0,30000.0,80000.0,1.5e-06,10000.0,3.0,283.15,1603.15,0.01,mackwell_1998_maryland_diabase,819.1300645619718,991.9996898765859,8181.540000000001,3249.104294338991,80000.0,21817.44,769.6550473153219,nan,nan,nan,12.214111984292568,0.0638469417980365,0.053912357615276824
transitional-2,78000.0,30000.0,80000.0,1.5e-06,10000.0,3.0,283.15,1603.15,0.3,hacker_2015_bin_4,819.1300645619718,991.9996898765859,8181.540000000001,2930.6512177076916,85000.0,30000.0,769.6550473153219,21817.44,769.6550473153219,80000.0,383.94223562924583,0.0638469417980365,0.053912357615276824
transitional-2,78000.0,30000.0,80000.0,1.5e-06,10000.0,3.0,283.15,1603.15,0.3,hacker_2015_bin_3,819.1300645619718,991.9996898765859,8181.540000000001,3028.9028072532205,85000.0,30000.0,769.6550473153219,21817.44,769.6550473153219,80000.0,396.8074293476577,0.0638469417980365,0.053912357615276824
transitional-2,78000.0,30000.0,80000.0,1.5e-06,10000.0,3.0,283.15,1603.15,0.3,sammon_2021_lower_crust,819.1300645619718,991.9996898765859,8181.540000000001,3185.964512773004,80000.0,21817.44,769.6550473153219,21817.44,769.6550473153219,80000.0,319.1578209015237,0.0638469417980365,0.053912357615276824
transitional-2,78000.0,30000.0,80000.0,1.5e-06,10000.0,3.0,283.15,1603.15,0.3,sammon_2021_deep_crust,819.1300645619718,991.9996898765859,8181.540000000001,3067.135889846893,85000.0,30000.0,769.6550473153219,21817.44,769.6550473153219,80000.0,345.0646038649779,0.0638469417980365,0.053912357615276824
transitional-2,78000.0,30000.0,80000.0,1.5e-06,10000.0,3.0,283.15,1603.15,0.3,hacker_2015_bin_2,819.1300645619718,991.9996898765859,8181.540000000001,3154.7348665887976,80000.0,21817.44,769.6550473153219,21817.44,769.6550473153219,80000.0,403.452613244546,0.0638469417980365,0.053912357615276824
transitional-2,78000.0,30000.0,80000.0,1.5e-06,10000.0,3.0,283.15,1603.15,0.3,hacker_2015_md_xenolith,819.1300645619718,991.9996898765859,8181.540000000001,3181.506546991405,80000.0,21817.44,769.6550473153219,21817.44,769.6550473153219,80000.0,374.14150915488926,0.0638469417980365,0.053912357615276824
transitional-2,78000.0,30000.0,80000.0,1.5e-06,10000.0,3.0,283.15,1603.15,0.3,hacker_2015_bin_1,819.1300645619718,991.9996898765859,8181.540000000001,3229.558340086843,80000.0,21817.44,769.6550473153219,21817.44,769.6550473153219,80000.0,399.9905872784264,0.0638469417980365,0.053912357615276824
transitional-2,78000.0,30000.0,80000.0,1.5e-06,10000.0,3.0,283.15,1603.15,0.3,mackwell_1998_maryland_diabase,819.1300645619718,991.9996898765859,8181.540000000001,3249.104294338991,80000.0,21817.44,769.6550473153219,21817.44,769.6550473153219,80000.0,319.4861905625884,0.0638469417980365,0.053912357615276824
transitional-3,88000.0,30000.0,80000.0,1.5e-06,9500.0,3.0,283.15,1603.15,0.001,hacker_2015_bin_4,760.9744402243092,931.012686039533,8181.540000000001,2975.4150722417785,85000.0,30000.0,769.6550473153219,nan,nan,nan,1.5749966019490065,0.05771179364815229,0.050773116395072794
transitional-3,88000.0,30000.0,80000.0,1.5e-06,9500.0,3.0,283.15,1603.15,0.001,hacker_2015_bin_3,760.9744402243092,931.012686039533,8181.540000000001,3091.0010695386864,85000.0,30000.0,769.6550473153219,nan,nan,nan,1.5057428196041729,0.05771179364815229,0.050773116395072794
transitional-3,88000.0,30000.0,80000.0,1.5e-06,9500.0,3.0,283.15,1603.15,0.001,sammon_2021_lower_crust,760.9744402243092,931.012686039533,8181.540000000001,3241.530554618825,85000.0,30000.0,769.6550473153219,nan,nan,nan,1.042822471831304,0.05771179364815229,0.050773116395072794
transitional-3,88000.0,30000.0,80000.0,1.5e-06,9500.0,3.0,283.15,1603.15,0.001,sammon_2021_deep_crust,760.9744402243092,931.012686039533,8181.540000000001,3131.7524407551396,85000.0,30000.0,769.6550473153219,nan,nan,nan,1.1621165460385474,0.05771179364815229,0.050773116395072794
transitional-3,88000.0,30000.0,80000.0,1.5e-06,9500.0,3.0,283.15,1603.15,0.001,hacker_2015_bin_2,760.9744402243092,931.012686039533,8181.540000000001,3227.7395043290176,85000.0,30000.0,769.6550473153219,nan,nan,nan,1.3958423479608324,0.05771179364815229,0.050773116395072794
transitional-3,88000.0,30000.0,80000.0,1.5e-06,9500.0,3.0,283.15,1603.15,0.001,hacker_2015_md_xenolith,760.9744402243092,931.012686039533,8181.540000000001,3278.658831032054,85000.0,30000.0,769.6550473153219,nan,nan,nan,1.086811068423634,0.05771179364815229,0.050773116395072794
transitional-3,88000.0,30000.0,80000.0,1.5e-06,9500.0,3.0,283.15,1603.15,0.001,hacker_2015_bin_1,760.9744402243092,931.012686039533,8181.540000000001,3321.2987048884875,80000.0,21817.44,769.6550473153219,nan,nan,nan,1.2240138549303068,0.05771179364815229,0.050773116395072794
transitional-3,88000.0,30000.0,80000.0,1.5e-06,9500.0,3.0,283.15,1603.15,0.001,mackwell_1998_maryland_diabase,760.9744402243092,931.012686039533,8181.540000000001,3333.4019491083536,85000.0,30000.0,769.6550473153219,nan,nan,nan,0.865463129656269,0.05771179364815229,0.050773116395072794
transitional-3,88000.0,30000.0,80000.0,1.5e-06,9500.0,3.0,283.15,1603.15,0.03,hacker_2015_bin_4,760.9744402243092,931.012686039533,8181.540000000001,2975.4150722417785,85000.0,30000.0,769.6550473153219,nan,nan,nan,43.3096103462905,0.05771179364815229,0.050773116395072794
transitional-3,88000.0,30000.0,80000.0,1.5e-06,9500.0,3.0,283.15,1603.15,0.03,hacker_2015_bin_3,760.9744402243092,931.012686039533,8181.540000000001,3091.0010695386864,85000.0,30000.0,769.6550473153219,21817.44,769.6550473153219,80000.0,41.99894815085499,0.05771179364815229,0.050773116395072794
transitional-3,88000.0,30000.0,80000.0,1.5e-06,9500.0,3.0,283.15,1603.15,0.03,sammon_2021_lower_crust,760.9744402243092,931.012686039533,8181.540000000001,3241.530554618825,80000.0,21817.44,769.6550473153219,21817.44,769.6550473153219,80000.0,29.86073544356209,0.05771179364815229,0.050773116395072794
transitional-3,88000.0,30000.0,80000.0,1.5e-06,9500.0,3.0,283.15,1603.15,0.03,sammon_2021_deep_crust,760.9744402243092,931.012686039533,8181.540000000001,3131.7524407551396,85000.0,30000.0,769.6550473153219,21817.44,769.6550473153219,80000.0,33.021241205166454,0.05771179364815229,0.050773116395072794
transitional-3,88000.0,30000.0,80000.0,1.5e-06,9500.0,3.0,283.15,1603.15,0.03,hacker_2015_bin_2,760.9744402243092,931.012686039533,8181.540000000001,3227.7395043290176,80000.0,21817.44,769.6550473153219,21817.44,769.6550473153219,80000.0,39.618227987920136,0.05771179364815229,0.050773116395072794
transitional-3,88000.0,30000.0,80000.0,1.5e-06,9500.0,3.0,283.15,1603.15,0.03,hacker_2015_md_xenolith,760.9744402243092,931.012686039533,8181.540000000001,3278.658831032054,80000.0,21817.44,769.6550473153219,21817.44,769.6550473153219,80000.0,31.18737731545453,0.05771179364815229,0.050773116395072794
transitional-3,88000.0,30000.0,80000.0,1.5e-06,9500.0,3.0,283.15,1603.15,0.03,hacker_2015_bin_1,760.9744402243092,931.012686039533,8181.540000000001,3321.2987048884875,80000.0,21817.44,769.6550473153219,21817.44,769.6550473153219,80000.0,35.36179499341124,0.05771179364815229,0.050773116395072794
transitional-3,88000.0,30000.0,80000.0,1.5e-06,9500.0,3.0,283.15,1603.15,0.03,mackwell_1998_maryland_diabase,760.9744402243092,931.012686039533,8181.540000000001,3333.4019491083536,80000.0,21817.44,769.6550473153219,21817.44,769.6550473153219,80000.0,25.069995567174058,0.05771179364815229,0.050773116395072794
transitional-3,88000.0,30000.0,80000.0,1.5e-06,9500.0,3.0,283.15,1603.15,0.01,hacker_2015_bin_4,760.9744402243092,931.012686039533,8181.540000000001,2975.4150722417785,85000.0,30000.0,769.6550473153219,nan,nan,nan,15.06822214496808,0.05771179364815229,0.050773116395072794
transitional-3,88000.0,30000.0,80000.0,1.5e-06,9500.0,3.0,283.15,1603.15,0.01,hacker_2015_bin_3,760.9744402243092,931.012686039533,8181.540000000001,3091.0010695386864,85000.0,30000.0,769.6550473153219,nan,nan,nan,14.546591577572627,0.05771179364815229,0.050773116395072794
transitional-3,88000.0,30000.0,80000.0,1.5e-06,9500.0,3.0,283.15,1603.15,0.01,sammon_2021_lower_crust,760.9744402243092,931.012686039533,8181.540000000001,3241.530554618825,85000.0,30000.0,769.6550473153219,nan,nan,nan,10.238421116191999,0.05771179364815229,0.050773116395072794
transitional-3,88000.0,30000.0,80000.0,1.5e-06,9500.0,3.0,283.15,1603.15,0.01,sammon_2021_deep_crust,760.9744402243092,931.012686039533,8181.540000000001,3131.7524407551396,85000.0,30000.0,769.6550473153219,nan,nan,nan,11.3560962796155,0.05771179364815229,0.050773116395072794
transitional-3,88000.0,30000.0,80000.0,1.5e-06,9500.0,3.0,283.15,1603.15,0.01,hacker_2015_bin_2,760.9744402243092,931.012686039533,8181.540000000001,3227.7395043290176,80000.0,21817.44,769.6550473153219,nan,nan,nan,13.633266857885568,0.05771179364815229,0.050773116395072794
transitional-3,88000.0,30000.0,80000.0,1.5e-06,9500.0,3.0,283.15,1603.15,0.01,hacker_2015_md_xenolith,760.9744402243092,931.012686039533,8181.540000000001,3278.658831032054,80000.0,21817.44,769.6550473153219,nan,nan,nan,10.678771450261996,0.05771179364815229,0.050773116395072794
transitional-3,88000.0,30000.0,80000.0,1.5e-06,9500.0,3.0,283.15,1603.15,0.01,hacker_2015_bin_1,760.9744402243092,931.012686039533,8181.540000000001,3321.2987048884875,80000.0,21817.44,769.6550473153219,nan,nan,nan,12.065129425183056,0.05771179364815229,0.050773116395072794
transitional-3,88000.0,30000.0,80000.0,1.5e-06,9500.0,3.0,283.15,1603.15,0.01,mackwell_1998_maryland_diabase,760.9744402243092,931.012686039533,8181.540000000001,3333.4019491083536,80000.0,21817.44,769.6550473153219,nan,nan,nan,8.542623473133656,0.05771179364815229,0.050773116395072794
transitional-3,88000.0,30000.0,80000.0,1.5e-06,9500.0,3.0,283.15,1603.15,0.3,hacker_2015_bin_4,760.9744402243092,931.012686039533,8181.540000000001,2975.4150722417785,85000.0,30000.0,769.6550473153219,21817.44,769.6550473153219,80000.0,368.60372041963365,0.05771179364815229,0.050773116395072794
transitional-3,88000.0,30000.0,80000.0,1.5e-06,9500.0,3.0,283.15,1603.15,0.3,hacker_2015_bin_3,760.9744402243092,931.012686039533,8181.540000000001,3091.0010695386864,85000.0,30000.0,769.6550473153219,21817.44,769.6550473153219,80000.0,355.8324850364012,0.05771179364815229,0.050773116395072794
transitional-3,88000.0,30000.0,80000.0,1.5e-06,9500.0,3.0,283.15,1603.15,0.3,sammon_2021_lower_crust,760.9744402243092,931.012686039533,8181.540000000001,3241.530554618825,80000.0,21817.44,769.6550473153219,21817.44,769.6550473153219,80000.0,247.68555308068807,0.05771179364815229,0.050773116395072794
transitional-3,88000.0,30000.0,80000.0,1.5e-06,9500.0,3.0,283.15,1603.15,0.3,sammon_2021_deep_crust,760.9744402243092,931.012686039533,8181.540000000001,3131.7524407551396,85000.0,30000.0,769.6550473153219,21817.44,769.6550473153219,80000.0,277.3388240990291,0.05771179364815229,0.050773116395072794
transitional-3,88000.0,30000.0,80000.0,1.5e-06,9500.0,3.0,283.15,1603.15,0.3,hacker_2015_bin_2,760.9744402243092,931.012686039533,8181.540000000001,3227.7395043290176,80000.0,21817.44,769.6550473153219,21817.44,769.6550473153219,80000.0,334.5203037664309,0.05771179364815229,0.050773116395072794
transitional-3,88000.0,30000.0,80000.0,1.5e-06,9500.0,3.0,283.15,1603.15,0.3,hacker_2015_md_xenolith,760.9744402243092,931.012686039533,8181.540000000001,3278.658831032054,80000.0,21817.44,769.6550473153219,21817.44,769.6550473153219,80000.0,263.92752584226946,0.05771179364815229,0.050773116395072794
transitional-3,88000.0,30000.0,80000.0,1.5e-06,9500.0,3.0,283.15,1603.15,0.3,hacker_2015_bin_1,760.9744402243092,931.012686039533,8181.540000000001,3321.2987048884875,80000.0,21817.44,769.6550473153219,21817.44,769.6550473153219,80000.0,308.2689786006227,0.05771179364815229,0.050773116395072794
transitional-3,88000.0,30000.0,80000.0,1.5e-06,9500.0,3.0,283.15,1603.15,0.3,mackwell_1998_maryland_diabase,760.9744402243092,931.012686039533,8181.540000000001,3333.4019491083536,80000.0,21817.44,769.6550473153219,21817.44,769.6550473153219,80000.0,214.73603148740997,0.05771179364815229,0.050773116395072794
cold-1,98000.0,30000.0,80000.0,1.5e-06,9000.0,3.0,283.15,1603.15,0.001,hacker_2015_bin_4,713.8891081401503,876.7959027834722,8181.540000000001,3008.4433419127618,85000.0,30000.0,769.6550473153219,nan,nan,nan,1.5056476100520915,0.0526683904870714,0.04784700048253054
cold-1,98000.0,30000.0,80000.0,1.5e-06,9000.0,3.0,283.15,1603.15,0.001,hacker_2015_bin_3,713.8891081401503,876.7959027834722,8181.540000000001,3119.792097361102,85000.0,30000.0,769.6550473153219,nan,nan,nan,1.4414763801851955,0.0526683904870714,0.04784700048253054
cold-1,98000.0,30000.0,80000.0,1.5e-06,9000.0,3.0,283.15,1603.15,0.001,sammon_2021_lower_crust,713.8891081401503,876.7959027834722,8181.540000000001,3258.187674545467,85000.0,30000.0,769.6550473153219,nan,nan,nan,1.0049744930032125,0.0526683904870714,0.04784700048253054
cold-1,98000.0,30000.0,80000.0,1.5e-06,9000.0,3.0,283.15,1603.15,0.001,sammon_2021_deep_crust,713.8891081401503,876.7959027834722,8181.540000000001,3150.637920375184,85000.0,30000.0,769.6550473153219,nan,nan,nan,1.1221225833929243,0.0526683904870714,0.04784700048253054
cold-1,98000.0,30000.0,80000.0,1.5e-06,9000.0,3.0,283.15,1603.15,0.001,hacker_2015_bin_2,713.8891081401503,876.7959027834722,8181.540000000001,3253.8168399760116,85000.0,30000.0,769.6550473153219,nan,nan,nan,1.3269022433160795,0.0526683904870714,0.04784700048253054
cold-1,98000.0,30000.0,80000.0,1.5e-06,9000.0,3.0,283.15,1603.15,0.001,hacker_2015_md_xenolith,713.8891081401503,876.7959027834722,8181.540000000001,3298.9327104786503,85000.0,30000.0,769.6550473153219,nan,nan,nan,1.0297342106839038,0.0526683904870714,0.04784700048253054
cold-1,98000.0,30000.0,80000.0,1.5e-06,9000.0,3.0,283.15,1603.15,0.001,hacker_2015_bin_1,713.8891081401503,876.7959027834722,8181.540000000001,3355.2084004965977,80000.0,21817.44,769.6550473153219,nan,nan,nan,1.1045551463438377,0.0526683904870714,0.04784700048253054
cold-1,98000.0,30000.0,80000.0,1.5e-06,9000.0,3.0,283.15,1603.15,0.001,mackwell_1998_maryland_diabase,713.8891081401503,876.7959027834722,8181.540000000001,3352.1643639964245,80000.0,21817.44,769.6550473153219,nan,nan,nan,0.8036092458983881,0.0526683904870714,0.04784700048253054
cold-1,98000.0,30000.0,80000.0,1.5e-06,9000.0,3.0,283.15,1603.15,0.03,hacker_2015_bin_4,713.8891081401503,876.7959027834722,8181.540000000001,3008.4433419127618,85000.0,30000.0,769.6550473153219,21817.44,769.6550473153219,80000.0,40.61251769327793,0.0526683904870714,0.04784700048253054
cold-1,98000.0,30000.0,80000.0,1.5e-06,9000.0,3.0,283.15,1603.15,0.03,hacker_2015_bin_3,713.8891081401503,876.7959027834722,8181.540000000001,3119.792097361102,85000.0,30000.0,769.6550473153219,21817.44,769.6550473153219,80000.0,39.178410928981705,0.0526683904870714,0.04784700048253054
cold-1,98000.0,30000.0,80000.0,1.5e-06,9000.0,3.0,283.15,1603.15,0.03,sammon_2021_lower_crust,713.8891081401503,876.7959027834722,8181.540000000001,3258.187674545467,80000.0,21817.44,769.6550473153219,21817.44,769.6550473153219,80000.0,27.873682832214595,0.0526683904870714,0.04784700048253054
cold-1,98000.0,30000.0,80000.0,1.5e-06,9000.0,3.0,283.15,1603.15,0.03,sammon_2021_deep_crust,713.8891081401503,876.7959027834722,8181.540000000001,3150.637920375184,85000.0,30000.0,769.6550473153219,21817.44,769.6550473153219,80000.0,30.93218478423639,0.0526683904870714,0.04784700048253054
cold-1,98000.0,30000.0,80000.0,1.5e-06,9000.0,3.0,283.15,1603.15,0.03,hacker_2015_bin_2,713.8891081401503,876.7959027834722,8181.540000000001,3253.8168399760116,80000.0,21817.44,769.6550473153219,21817.44,769.6550473153219,80000.0,36.603052748881595,0.0526683904870714,0.04784700048253054
cold-1,98000.0,30000.0,80000.0,1.5e-06,9000.0,3.0,283.15,1603.15,0.03,hacker_2015_md_xenolith,713.8891081401503,876.7959027834722,8181.540000000001,3298.9327104786503,80000.0,21817.44,769.6550473153219,21817.44,769.6550473153219,80000.0,28.719436882707967,0.0526683904870714,0.04784700048253054
cold-1,98000.0,30000.0,80000.0,1.5e-06,9000.0,3.0,283.15,1603.15,0.03,hacker_2015_bin_1,713.8891081401503,876.7959027834722,8181.540000000001,3355.2084004965977,80000.0,21817.44,769.6550473153219,21817.44,769.6550473153219,80000.0,31.393236518607115,0.0526683904870714,0.04784700048253054
cold-1,98000.0,30000.0,80000.0,1.5e-06,9000.0,3.0,283.15,1603.15,0.03,mackwell_1998_maryland_diabase,713.8891081401503,876.7959027834722,8181.540000000001,3352.1643639964245,80000.0,21817.44,769.6550473153219,21817.44,769.6550473153219,80000.0,22.697093929181165,0.0526683904870714,0.04784700048253054
cold-1,98000.0,30000.0,80000.0,1.5e-06,9000.0,3.0,283.15,1603.15,0.01,hacker_2015_bin_4,713.8891081401503,876.7959027834722,8181.540000000001,3008.4433419127618,85000.0,30000.0,769.6550473153219,nan,nan,nan,14.227280749452751,0.0526683904870714,0.04784700048253054
cold-1,98000.0,30000.0,80000.0,1.5e-06,9000.0,3.0,283.15,1603.15,0.01,hacker_2015_bin_3,713.8891081401503,876.7959027834722,8181.540000000001,3119.792097361102,85000.0,30000.0,769.6550473153219,nan,nan,nan,13.707951181392195,0.0526683904870714,0.04784700048253054
cold-1,98000.0,30000.0,80000.0,1.5e-06,9000.0,3.0,283.15,1603.15,0.01,sammon_2021_lower_crust,713.8891081401503,876.7959027834722,8181.540000000001,3258.187674545467,85000.0,30000.0,769.6550473153219,nan,nan,nan,9.710553145993476,0.0526683904870714,0.04784700048253054
cold-1,98000.0,30000.0,80000.0,1.5e-06,9000.0,3.0,283.15,1603.15,0.01,sammon_2021_deep_crust,713.8891081401503,876.7959027834722,8181.540000000001,3150.637920375184,85000.0,30000.0,769.6550473153219,nan,nan,nan,10.78339865159654,0.0526683904870714,0.04784700048253054
cold-1,98000.0,30000.0,80000.0,1.5e-06,9000.0,3.0,283.15,1603.15,0.01,hacker_2015_bin_2,713.8891081401503,876.7959027834722,8181.540000000001,3253.8168399760116,80000.0,21817.44,769.6550473153219,nan,nan,nan,12.760889237141972,0.0526683904870714,0.04784700048253054
cold-1,98000.0,30000.0,80000.0,1.5e-06,9000.0,3.0,283.15,1603.15,0.01,hacker_2015_md_xenolith,713.8891081401503,876.7959027834722,8181.540000000001,3298.9327104786503,80000.0,21817.44,769.6550473153219,nan,nan,nan,9.975515312564612,0.0526683904870714,0.04784700048253054
cold-1,98000.0,30000.0,80000.0,1.5e-06,9000.0,3.0,283.15,1603.15,0.01,hacker_2015_bin_1,713.8891081401503,876.7959027834722,8181.540000000001,3355.2084004965977,80000.0,21817.44,769.6550473153219,nan,nan,nan,10.805343005890775,0.0526683904870714,0.04784700048253054
cold-1,98000.0,30000.0,80000.0,1.5e-06,9000.0,3.0,283.15,1603.15,0.01,mackwell_1998_maryland_diabase,713.8891081401503,876.7959027834722,8181.540000000001,3352.1643639964245,80000.0,21817.44,769.6550473153219,nan,nan,nan,7.8408495378959975,0.0526683904870714,0.04784700048253054
cold-1,98000.0,30000.0,80000.0,1.5e-06,9000.0,3.0,283.15,1603.15,0.3,hacker_2015_bin_4,713.8891081401503,876.7959027834722,8181.540000000001,3008.4433419127618,85000.0,30000.0,769.6550473153219,21817.44,769.6550473153219,80000.0,333.2211066857106,0.0526683904870714,0.04784700048253054
cold-1,98000.0,30000.0,80000.0,1.5e-06,9000.0,3.0,283.15,1603.15,0.3,hacker_2015_bin_3,713.8891081401503,876.7959027834722,8181.540000000001,3119.792097361102,85000.0,30000.0,769.6550473153219,21817.44,769.6550473153219,80000.0,312.58453253230726,0.0526683904870714,0.04784700048253054
cold-1,98000.0,30000.0,80000.0,1.5e-06,9000.0,3.0,283.15,1603.15,0.3,sammon_2021_lower_crust,713.8891081401503,876.7959027834722,8181.540000000001,3258.187674545467,80000.0,21817.44,769.6550473153219,21817.44,769.6550473153219,80000.0,197.7068529889647,0.0526683904870714,0.04784700048253054
cold-1,98000.0,30000.0,80000.0,1.5e-06,9000.0,3.0,283.15,1603.15,0.3,sammon_2021_deep_crust,713.8891081401503,876.7959027834722,8181.540000000001,3150.637920375184,85000.0,30000.0,769.6550473153219,21817.44,769.6550473153219,80000.0,232.8752299586625,0.0526683904870714,0.04784700048253054
cold-1,98000.0,30000.0,80000.0,1.5e-06,9000.0,3.0,283.15,1603.15,0.3,hacker_2015_bin_2,713.8891081401503,876.7959027834722,8181.540000000001,3253.8168399760116,80000.0,21817.44,769.6550473153219,21817.44,769.6550473153219,80000.0,283.0656727872942,0.0526683904870714,0.04784700048253054
cold-1,98000.0,30000.0,80000.0,1.5e-06,9000.0,3.0,283.15,1603.15,0.3,hacker_2015_md_xenolith,713.8891081401503,876.7959027834722,8181.540000000001,3298.9327104786503,80000.0,21817.44,769.6550473153219,21817.44,769.6550473153219,80000.0,216.49320049979377,0.0526683904870714,0.04784700048253054
cold-1,98000.0,30000.0,80000.0,1.5e-06,9000.0,3.0,283.15,1603.15,0.3,hacker_2015_bin_1,713.8891081401503,876.7959027834722,8181.540000000001,3355.2084004965977,80000.0,21817.44,769.6550473153219,21817.44,769.6550473153219,80000.0,260.471103424538,0.0526683904870714,0.04784700048253054
cold-1,98000.0,30000.0,80000.0,1.5e-06,9000.0,3.0,283.15,1603.15,0.3,mackwell_1998_maryland_diabase,713.8891081401503,876.7959027834722,8181.540000000001,3352.1643639964245,80000.0,21817.44,769.6550473153219,21817.44,769.6550473153219,80000.0,171.26713705788723,0.0526683904870714,0.04784700048253054
cold-2,110000.0,30000.0,80000.0,1.5e-06,8500.0,3.0,283.15,1603.15,0.001,hacker_2015_bin_4,668.3634878930171,822.445913905899,8181.540000000001,3026.5865334563896,85000.0,30000.0,769.6550473153219,nan,nan,nan,1.4668458255992816,0.04776477508913678,0.04487273357103139
cold-2,110000.0,30000.0,80000.0,1.5e-06,8500.0,3.0,283.15,1603.15,0.001,hacker_2015_bin_3,668.3634878930171,822.445913905899,8181.540000000001,3135.53874043427,85000.0,30000.0,769.6550473153219,nan,nan,nan,1.4094604100371124,0.04776477508913678,0.04487273357103139
cold-2,110000.0,30000.0,80000.0,1.5e-06,8500.0,3.0,283.15,1603.15,0.001,sammon_2021_lower_crust,668.3634878930171,822.445913905899,8181.540000000001,3269.382886010014,85000.0,30000.0,769.6550473153219,nan,nan,nan,0.9816943588952961,0.04776477508913678,0.04487273357103139
cold-2,110000.0,30000.0,80000.0,1.5e-06,8500.0,3.0,283.15,1603.15,0.001,sammon_2021_deep_crust,668.3634878930171,822.445913905899,8181.540000000001,3162.6079252915524,85000.0,30000.0,769.6550473153219,nan,nan,nan,1.098498745518298,0.04776477508913678,0.04487273357103139
cold-2,110000.0,30000.0,80000.0,1.5e-06,8500.0,3.0,283.15,1603.15,0.001,hacker_2015_bin_2,668.3634878930171,822.445913905899,8181.540000000001,3268.4298944990596,85000.0,30000.0,769.6550473153219,nan,nan,nan,1.2944252819614033,0.04776477508913678,0.04487273357103139
cold-2,110000.0,30000.0,80000.0,1.5e-06,8500.0,3.0,283.15,1603.15,0.001,hacker_2015_md_xenolith,668.3634878930171,822.445913905899,8181.540000000001,3311.4093856865234,85000.0,30000.0,769.6550473153219,nan,nan,nan,1.0000526651084811,0.04776477508913678,0.04487273357103139
cold-2,110000.0,30000.0,80000.0,1.5e-06,8500.0,3.0,283.15,1603.15,0.001,hacker_2015_bin_1,668.3634878930171,822.445913905899,8181.540000000001,3377.576526793876,80000.0,21817.44,769.6550473153219,nan,nan,nan,1.0168874619992185,0.04776477508913678,0.04487273357103139
cold-2,110000.0,30000.0,80000.0,1.5e-06,8500.0,3.0,283.15,1603.15,0.001,mackwell_1998_maryland_diabase,668.3634878930171,822.445913905899,8181.540000000001,3364.0381261812136,80000.0,21817.44,769.6550473153219,nan,nan,nan,0.7702603359688173,0.04776477508913678,0.04487273357103139
cold-2,110000.0,30000.0,80000.0,1.5e-06,8500.0,3.0,283.15,1603.15,0.03,hacker_2015_bin_4,668.3634878930171,822.445913905899,8181.540000000001,3026.5865334563896,85000.0,30000.0,769.6550473153219,21817.44,769.6550473153219,80000.0,38.255895414320925,0.04776477508913678,0.04487273357103139
cold-2,110000.0,30000.0,80000.0,1.5e-06,8500.0,3.0,283.15,1603.15,0.03,hacker_2015_bin_3,668.3634878930171,822.445913905899,8181.540000000001,3135.53874043427,85000.0,30000.0,769.6550473153219,21817.44,769.6550473153219,80000.0,36.80299739519341,0.04776477508913678,0.04487273357103139
cold-2,110000.0,30000.0,80000.0,1.5e-06,8500.0,3.0,283.15,1603.15,0.03,sammon_2021_lower_crust,668.3634878930171,822.445913905899,8181.540000000001,3269.382886010014,80000.0,21817.44,769.6550473153219,21817.44,769.6550473153219,80000.0,25.882652817843173,0.04776477508913678,0.04487273357103139
cold-2,110000.0,30000.0,80000.0,1.5e-06,8500.0,3.0,283.15,1603.15,0.03,sammon_2021_deep_crust,668.3634878930171,822.445913905899,8181.540000000001,3162.6079252915524,85000.0,30000.0,769.6550473153219,21817.44,769.6550473153219,80000.0,28.934192947833793,0.04776477508913678,0.04487273357103139
cold-2,110000.0,30000.0,80000.0,1.5e-06,8500.0,3.0,283.15,1603.15,0.03,hacker_2015_bin_2,668.3634878930171,822.445913905899,8181.540000000001,3268.4298944990596,80000.0,21817.44,769.6550473153219,21817.44,769.6550473153219,80000.0,34.153020684241866,0.04776477508913678,0.04487273357103139
cold-2,110000.0,30000.0,80000.0,1.5e-06,8500.0,3.0,283.15,1603.15,0.03,hacker_2015_md_xenolith,668.3634878930171,822.445913905899,8181.540000000001,3311.4093856865234,80000.0,21817.44,769.6550473153219,21817.44,769.6550473153219,80000.0,26.635969851909945,0.04776477508913678,0.04487273357103139
cold-2,110000.0,30000.0,80000.0,1.5e-06,8500.0,3.0,283.15,1603.15,0.03,hacker_2015_bin_1,668.3634878930171,822.445913905899,8181.540000000001,3377.576526793876,80000.0,21817.44,769.6550473153219,21817.44,769.6550473153219,80000.0,28.082938066312423,0.04776477508913678,0.04487273357103139
cold-2,110000.0,30000.0,80000.0,1.5e-06,8500.0,3.0,283.15,1603.15,0.03,mackwell_1998_maryland_diabase,668.3634878930171,822.445913905899,8181.540000000001,3364.0381261812136,80000.0,21817.44,769.6550473153219,21817.44,769.6550473153219,80000.0,20.82500455511604,0.04776477508913678,0.04487273357103139
cold-2,110000.0,30000.0,80000.0,1.5e-06,8500.0,3.0,283.15,1603.15,0.01,hacker_2015_bin_4,668.3634878930171,822.445913905899,8181.540000000001,3026.5865334563896,85000.0,30000.0,769.6550473153219,nan,nan,nan,13.554469181567649,0.04776477508913678,0.04487273357103139
cold-2,110000.0,30000.0,80000.0,1.5e-06,8500.0,3.0,283.15,1603.15,0.01,hacker_2015_bin_3,668.3634878930171,822.445913905899,8181.540000000001,3135.53874043427,85000.0,30000.0,769.6550473153219,nan,nan,nan,13.065986274925718,0.04776477508913678,0.04487273357103139
cold-2,110000.0,30000.0,80000.0,1.5e-06,8500.0,3.0,283.15,1603.15,0.01,sammon_2021_lower_crust,668.3634878930171,822.445913905899,8181.540000000001,3269.382886010014,85000.0,30000.0,769.6550473153219,nan,nan,nan,9.230882027817385,0.04776477508913678,0.04487273357103139
cold-2,110000.0,30000.0,80000.0,1.5e-06,8500.0,3.0,283.15,1603.15,0.01,sammon_2021_deep_crust,668.3634878930171,822.445913905899,8181.540000000001,3162.6079252915524,85000.0,30000.0,769.6550473153219,nan,nan,nan,10.279290700961727,0.04776477508913678,0.04487273357103139
cold-2,110000.0,30000.0,80000.0,1.5e-06,8500.0,3.0,283.15,1603.15,0.01,hacker_2015_bin_2,668.3634878930171,822.445913905899,8181.540000000001,3268.4298944990596,80000.0,21817.44,769.6550473153219,nan,nan,nan,12.129681049597586,0.04776477508913678,0.04487273357103139
cold-2,110000.0,30000.0,80000.0,1.5e-06,8500.0,3.0,283.15,1603.15,0.01,hacker_2015_md_xenolith,668.3634878930171,822.445913905899,8181.540000000001,3311.4093856865234,80000.0,21817.44,769.6550473153219,nan,nan,nan,9.448370595622919,0.04776477508913678,0.04487273357103139
cold-2,110000.0,30000.0,80000.0,1.5e-06,8500.0,3.0,283.15,1603.15,0.01,hacker_2015_bin_1,668.3634878930171,822.445913905899,8181.540000000001,3377.576526793876,80000.0,21817.44,769.6550473153219,nan,nan,nan,9.808035532660421,0.04776477508913678,0.04487273357103139
cold-2,110000.0,30000.0,80000.0,1.5e-06,8500.0,3.0,283.15,1603.15,0.01,mackwell_1998_maryland_diabase,668.3634878930171,822.445913905899,8181.540000000001,3364.0381261812136,80000.0,21817.44,769.6550473153219,nan,nan,nan,7.351497166677855,0.04776477508913678,0.04487273357103139
cold-2,110000.0,30000.0,80000.0,1.5e-06,8500.0,3.0,283.15,1603.15,0.3,hacker_2015_bin_4,668.3634878930171,822.445913905899,8181.540000000001,3026.5865334563896,85000.0,30000.0,769.6550473153219,21817.44,769.6550473153219,80000.0,290.4526526708309,0.04776477508913678,0.04487273357103139
cold-2,110000.0,30000.0,80000.0,1.5e-06,8500.0,3.0,283.15,1603.15,0.3,hacker_2015_bin_3,668.3634878930171,822.445913905899,8181.540000000001,3135.53874043427,85000.0,30000.0,769.6550473153219,21817.44,769.6550473153219,80000.0,256.750790092493,0.04776477508913678,0.04487273357103139
cold-2,110000.0,30000.0,80000.0,1.5e-06,8500.0,3.0,283.15,1603.15,0.3,sammon_2021_lower_crust,668.3634878930171,822.445913905899,8181.540000000001,3269.382886010014,80000.0,21817.44,769.6550473153219,21817.44,769.6550473153219,80000.0,140.48495104220794,0.04776477508913678,0.04487273357103139
cold-2,110000.0,30000.0,80000.0,1.5e-06,8500.0,3.0,283.15,1603.15,0.3,sammon_2021_deep_crust,668.3634878930171,822.445913905899,8181.540000000001,3162.6079252915524,85000.0,30000.0,769.6550473153219,21817.44,769.6550473153219,80000.0,171.18816737363278,0.04776477508913678,0.04487273357103139
cold-2,110000.0,30000.0,80000.0,1.5e-06,8500.0,3.0,283.15,1603.15,0.3,hacker_2015_bin_2,668.3634878930171,822.445913905899,8181.540000000001,3268.4298944990596,80000.0,21817.44,769.6550473153219,21817.44,769.6550473153219,80000.0,218.03999806097346,0.04776477508913678,0.04487273357103139
cold-2,110000.0,30000.0,80000.0,1.5e-06,8500.0,3.0,283.15,1603.15,0.3,hacker_2015_md_xenolith,668.3634878930171,822.445913905899,8181.540000000001,3311.4093856865234,80000.0,21817.44,769.6550473153219,21817.44,769.6550473153219,80000.0,156.61620577725552,0.04776477508913678,0.04487273357103139
cold-2,110000.0,30000.0,80000.0,1.5e-06,8500.0,3.0,283.15,1603.15,0.3,hacker_2015_bin_1,668.3634878930171,822.445913905899,8181.540000000001,3377.576526793876,80000.0,21817.44,769.6550473153219,21817.44,769.6550473153219,80000.0,205.70212386287804,0.04776477508913678,0.04487273357103139
cold-2,110000.0,30000.0,80000.0,1.5e-06,8500.0,3.0,283.15,1603.15,0.3,mackwell_1998_maryland_diabase,668.3634878930171,822.445913905899,8181.540000000001,3364.0381261812136,80000.0,21817.44,769.6550473153219,21817.44,769.6550473153219,80000.0,119.60906437929681,0.04776477508913678,0.04487273357103139
cold-3,124000.0,30000.0,80000.0,1.5e-06,8000.0,3.0,283.15,1603.15,0.001,hacker_2015_bin_4,626.0103367948462,769.6550473153219,8181.540000000001,3038.1923436874004,85000.0,30000.0,769.6550473153219,nan,nan,nan,1.425997434825149,0.04316129046622385,0.04191129070562919
cold-3,124000.0,30000.0,80000.0,1.5e-06,8000.0,3.0,283.15,1603.15,0.001,hacker_2015_bin_3,626.0103367948462,769.6550473153219,8181.540000000001,3146.0224113458607,85000.0,30000.0,769.6550473153219,nan,nan,nan,1.371887251643388,0.04316129046622385,0.04191129070562919
cold-3,124000.0,30000.0,80000.0,1.5e-06,8000.0,3.0,283.15,1603.15,0.001,sammon_2021_lower_crust,626.0103367948462,769.6550473153219,8181.540000000001,3278.127348435588,85000.0,30000.0,769.6550473153219,nan,nan,nan,0.9514398179131941,0.04316129046622385,0.04191129070562919
cold-3,124000.0,30000.0,80000.0,1.5e-06,8000.0,3.0,283.15,1603.15,0.001,sammon_2021_deep_crust,626.0103367948462,769.6550473153219,8181.540000000001,3171.4915332153814,85000.0,30000.0,769.6550473153219,nan,nan,nan,1.0685098294288102,0.04316129046622385,0.04191129070562919
cold-3,124000.0,30000.0,80000.0,1.5e-06,8000.0,3.0,283.15,1603.15,0.001,hacker_2015_bin_2,626.0103367948462,769.6550473153219,8181.540000000001,3278.6518006951305,85000.0,30000.0,769.6550473153219,nan,nan,nan,1.2578601061132875,0.04316129046622385,0.04191129070562919
cold-3,124000.0,30000.0,80000.0,1.5e-06,8000.0,3.0,283.15,1603.15,0.001,hacker_2015_md_xenolith,626.0103367948462,769.6550473153219,8181.540000000001,3320.788756856089,85000.0,30000.0,769.6550473153219,nan,nan,nan,0.9671634030276202,0.04316129046622385,0.04191129070562919
cold-3,124000.0,30000.0,80000.0,1.5e-06,8000.0,3.0,283.15,1603.15,0.001,hacker_2015_bin_1,626.0103367948462,769.6550473153219,8181.540000000001,3394.4968123886483,80000.0,21817.44,769.6550473153219,nan,nan,nan,0.9344533287873761,0.04316129046622385,0.04191129070562919
cold-3,124000.0,30000.0,80000.0,1.5e-06,8000.0,3.0,283.15,1603.15,0.001,mackwell_1998_maryland_diabase,626.0103367948462,769.6550473153219,8181.540000000001,3373.315185222308,80000.0,21817.44,769.6550473153219,nan,nan,nan,0.7372238704155089,0.04316129046622385,0.04191129070562919
cold-3,124000.0,30000.0,80000.0,1.5e-06,8000.0,3.0,283.15,1603.15,0.03,hacker_2015_bin_4,626.0103367948462,769.6550473153219,8181.540000000001,3038.1923436874004,85000.0,30000.0,769.6550473153219,21817.44,769.6550473153219,80000.0,35.66735439835129,0.04316129046622385,0.04191129070562919
cold-3,124000.0,30000.0,80000.0,1.5e-06,8000.0,3.0,283.15,1603.15,0.03,hacker_2015_bin_3,626.0103367948462,769.6550473153219,8181.540000000001,3146.0224113458607,85000.0,30000.0,769.6550473153219,21817.44,769.6550473153219,80000.0,34.0761756471395,0.04316129046622385,0.04191129070562919
cold-3,124000.0,30000.0,80000.0,1.5e-06,8000.0,3.0,283.15,1603.15,0.03,sammon_2021_lower_crust,626.0103367948462,769.6550473153219,8181.540000000001,3278.127348435588,80000.0,21817.44,769.6550473153219,21817.44,769.6550473153219,80000.0,23.28620311139759,0.04316129046622385,0.04191129070562919
cold-3,124000.0,30000.0,80000.0,1.5e-06,8000.0,3.0,283.15,1603.15,0.03,sammon_2021_deep_crust,626.0103367948462,769.6550473153219,8181.540000000001,3171.4915332153814,85000.0,30000.0,769.6550473153219,21817.44,769.6550473153219,80000.0,26.438371524972652,0.04316129046622385,0.04191129070562919
cold-3,124000.0,30000.0,80000.0,1.5e-06,8000.0,3.0,283.15,1603.15,0.03,hacker_2015_bin_2,626.0103367948462,769.6550473153219,8181.540000000001,3278.6518006951305,80000.0,21817.44,769.6550473153219,21817.44,769.6550473153219,80000.0,31.291262722678727,0.04316129046622385,0.04191129070562919
cold-3,124000.0,30000.0,80000.0,1.5e-06,8000.0,3.0,283.15,1603.15,0.03,hacker_2015_md_xenolith,626.0103367948462,769.6550473153219,8181.540000000001,3320.788756856089,80000.0,21817.44,769.6550473153219,21817.44,769.6550473153219,80000.0,24.13693469816359,0.04316129046622385,0.04191129070562919
cold-3,124000.0,30000.0,80000.0,1.5e-06,8000.0,3.0,283.15,1603.15,0.03,hacker_2015_bin_1,626.0103367948462,769.6550473153219,8181.540000000001,3394.4968123886483,80000.0,21817.44,769.6550473153219,21817.44,769.6550473153219,80000.0,24.74606622300874,0.04316129046622385,0.04191129070562919
cold-3,124000.0,30000.0,80000.0,1.5e-06,8000.0,3.0,283.15,1603.15,0.03,mackwell_1998_maryland_diabase,626.0103367948462,769.6550473153219,8181.540000000001,3373.315185222308,80000.0,21817.44,769.6550473153219,21817.44,769.6550473153219,80000.0,18.654840652056382,0.04316129046622385,0.04191129070562919
cold-3,124000.0,30000.0,80000.0,1.5e-06,8000.0,3.0,283.15,1603.15,0.01,hacker_2015_bin_4,626.0103367948462,769.6550473153219,8181.540000000001,3038.1923436874004,85000.0,30000.0,769.6550473153219,nan,nan,nan,12.820260906099211,0.04316129046622385,0.04191129070562919
cold-3,124000.0,30000.0,80000.0,1.5e-06,8000.0,3.0,283.15,1603.15,0.01,hacker_2015_bin_3,626.0103367948462,769.6550473153219,8181.540000000001,3146.0224113458607,85000.0,30000.0,769.6550473153219,nan,nan,nan,12.33265246022631,0.04316129046622385,0.04191129070562919
cold-3,124000.0,30000.0,80000.0,1.5e-06,8000.0,3.0,283.15,1603.15,0.01,sammon_2021_lower_crust,626.0103367948462,769.6550473153219,8181.540000000001,3278.127348435588,85000.0,30000.0,769.6550473153219,nan,nan,nan,8.616400389575134,0.04316129046622385,0.04191129070562919
cold-3,124000.0,30000.0,80000.0,1.5e-06,8000.0,3.0,283.15,1603.15,0.01,sammon_2021_deep_crust,626.0103367948462,769.6550473153219,8181.540000000001,3171.4915332153814,85000.0,30000.0,769.6550473153219,nan,nan,nan,9.654940454044143,0.04316129046622385,0.04191129070562919
cold-3,124000.0,30000.0,80000.0,1.5e-06,8000.0,3.0,283.15,1603.15,0.01,hacker_2015_bin_2,626.0103367948462,769.6550473153219,8181.540000000001,3278.6518006951305,80000.0,21817.44,769.6550473153219,nan,nan,nan,11.40133997482749,0.04316129046622385,0.04191129070562919
cold-3,124000.0,30000.0,80000.0,1.5e-06,8000.0,3.0,283.15,1603.15,0.01,hacker_2015_md_xenolith,626.0103367948462,769.6550473153219,8181.540000000001,3320.788756856089,80000.0,21817.44,769.6550473153219,nan,nan,nan,8.829934920684309,0.04316129046622385,0.04191129070562919
cold-3,124000.0,30000.0,80000.0,1.5e-06,8000.0,3.0,283.15,1603.15,0.01,hacker_2015_bin_1,626.0103367948462,769.6550473153219,8181.540000000001,3394.4968123886483,80000.0,21817.44,769.6550473153219,nan,nan,nan,8.834951954870473,0.04316129046622385,0.04191129070562919
cold-3,124000.0,30000.0,80000.0,1.5e-06,8000.0,3.0,283.15,1603.15,0.01,mackwell_1998_maryland_diabase,626.0103367948462,769.6550473153219,8181.540000000001,3373.315185222308,80000.0,21817.44,769.6550473153219,nan,nan,nan,6.806839311431656,0.04316129046622385,0.04191129070562919
cold-3,124000.0,30000.0,80000.0,1.5e-06,8000.0,3.0,283.15,1603.15,0.3,hacker_2015_bin_4,626.0103367948462,769.6550473153219,8181.540000000001,3038.1923436874004,85000.0,30000.0,769.6550473153219,21817.44,769.6550473153219,80000.0,232.38474474181461,0.04316129046622385,0.04191129070562919
cold-3,124000.0,30000.0,80000.0,1.5e-06,8000.0,3.0,283.15,1603.15,0.3,hacker_2015_bin_3,626.0103367948462,769.6550473153219,8181.540000000001,3146.0224113458607,85000.0,30000.0,769.6550473153219,21817.44,769.6550473153219,80000.0,194.6138582290234,0.04316129046622385,0.04191129070562919
cold-3,124000.0,30000.0,80000.0,1.5e-06,8000.0,3.0,283.15,1603.15,0.3,sammon_2021_lower_crust,626.0103367948462,769.6550473153219,8181.540000000001,3278.127348435588,80000.0,21817.44,769.6550473153219,21817.44,769.6550473153219,80000.0,110.0417139690716,0.04316129046622385,0.04191129070562919
cold-3,124000.0,30000.0,80000.0,1.5e-06,8000.0,3.0,283.15,1603.15,0.3,sammon_2021_deep_crust,626.0103367948462,769.6550473153219,8181.540000000001,3171.4915332153814,85000.0,30000.0,769.6550473153219,21817.44,769.6550473153219,80000.0,132.22648035832046,0.04316129046622385,0.04191129070562919
cold-3,124000.0,30000.0,80000.0,1.5e-06,8000.0,3.0,283.15,1603.15,0.3,hacker_2015_bin_2,626.0103367948462,769.6550473153219,8181.540000000001,3278.6518006951305,80000.0,21817.44,769.6550473153219,21817.44,769.6550473153219,80000.0,164.81404592546542,0.04316129046622385,0.04191129070562919
cold-3,124000.0,30000.0,80000.0,1.5e-06,8000.0,3.0,283.15,1603.15,0.3,hacker_2015_md_xenolith,626.0103367948462,769.6550473153219,8181.540000000001,3320.788756856089,80000.0,21817.44,769.6550473153219,21817.44,769.6550473153219,80000.0,119.18014046617765,0.04316129046622385,0.04191129070562919
cold-3,124000.0,30000.0,80000.0,1.5e-06,8000.0,3.0,283.15,1603.15,0.3,hacker_2015_bin_1,626.0103367948462,769.6550473153219,8181.540000000001,3394.4968123886483,80000.0,21817.44,769.6550473153219,21817.44,769.6550473153219,80000.0,141.63149051366176,0.04316129046622385,0.04191129070562919
cold-3,124000.0,30000.0,80000.0,1.5e-06,8000.0,3.0,283.15,1603.15,0.3,mackwell_1998_maryland_diabase,626.0103367948462,769.6550473153219,8181.540000000001,3373.315185222308,80000.0,21817.44,769.6550473153219,21817.44,769.6550473153219,80000.0,89.48005575591371,0.04316129046622385,0.04191129070562919
